"Category URL","Category Name","First Page","Last Page","Source Domain","Product Count"
"https://www.costco.co.uk/Tyres-Automotive/Tyres-Accessories/c/cos_8.11","Tyres & Automotive > Tyres & Accessories","1","22","costco.co.uk","2143"
"https://www.costco.co.uk/Jewellery-Apparel-Gifts/Jewellery/c/cos_3.14","Jewellery, Apparel, Gifts > Jewellery","1","4","costco.co.uk","316"
"https://www.costco.co.uk/Jewellery-Apparel-Gifts/Gifts/c/cos_3.10","Jewellery, Apparel, Gifts > Gifts","1","3","costco.co.uk","285"
"https://www.costco.co.uk/c/cos_10.5.1?sort=relevance&q=%3Aprice-desc&utm_campaign=19P10W4&utm_medium=HP&utm_source=Promo&utm_content=Cat-8&utm_term=appliances","All Home Appliances","1","2","costco.co.uk","156"
"https://www.costco.co.uk/Grocery-Household/Speciality/c/cos_6.5","Grocery & Household > Speciality","1","2","costco.co.uk","194"
"https://www.costco.co.uk/Furniture-Home/Kitchen-Dining/c/cos_2.7","Furniture & Home > Kitchen & Dining","1","2","costco.co.uk","104"
"https://www.costco.co.uk/Business-Office-Supplies/Office-Supplies/c/cos_11.6","Business & Office Supplies > Office Supplies","1","2","costco.co.uk","127"
"https://www.costco.co.uk/Jewellery-Apparel-Gifts/Gifts/For-Him/c/cos_3.10.4","Jewellery, Apparel, Gifts > Gifts > For Him","1","2","costco.co.uk","110"
"https://www.costco.co.uk/Jewellery-Apparel-Gifts/Jewellery/Rings/c/cos_3.14.1","Jewellery, Apparel, Gifts > Jewellery > Rings","1","2","costco.co.uk","120"
"https://www.costco.co.uk/Grocery-Household/Entertaining/c/cos_6.6","Grocery & Household > Entertaining","1","2","costco.co.uk","112"
"https://www.costco.co.uk/c/Hot-Buys","All Hot Buys","1","2","costco.co.uk","198"
"https://www.costco.co.uk/Health-Beauty/Vitamins-Diet-Nutrition/c/cos_7.2","Health & Beauty > Vitamins, Diet & Nutrition","1","2","costco.co.uk","101"
"https://www.costco.co.uk/Jewellery-Apparel-Gifts/Gifts/For-Her/c/cos_3.10.1","Jewellery, Apparel, Gifts > Gifts > For Her","1","2","costco.co.uk","116"
"https://www.costco.co.uk/Appliances/Small-Kitchen-Appliances/c/cos_10.6","Appliances > Small Kitchen Appliances","1","2","costco.co.uk","118"
"https://www.costco.co.uk/Grocery-Household/Chilled-Foods/c/cos_6.4","Grocery & Household > Chilled Foods","1","2","costco.co.uk","125"
"https://www.costco.co.uk/Toys-Baby-Child/Toys/c/cos_4.1","Toys, Baby & Child > Toys","1","2","costco.co.uk","139"
"https://www.costco.co.uk/Furniture-Home/Home-Furnishings/c/cos_2.3","Furniture & Home > Home Furnishings","1","2","costco.co.uk","101"
"https://www.costco.co.uk/Business-Office-Supplies/Food-Supplies/c/cos_11.11","Business & Office Supplies > Food Supplies","1","2","costco.co.uk","134"
"https://www.costco.co.uk/c/Hot-Buys?sort=relevance&q=%3Aprice-desc&utm_campaign=19P9W2&utm_medium=HP&utm_source=&utm_content=Fence5&utm_term=Hotbuys","All Hot Buys","1","2","costco.co.uk","198"
"https://www.costco.co.uk/Electronics-Security/Televisions-Projectors/Televisions/c/cos_1.1.1?sort=relevance&q=%3Aprice-desc&utm_campaign=19P10W4&utm_medium=HP&utm_source=Promo&utm_content=Cat-7&utm_term=tvs","Electronics & Security > Televisions & Projectors > Televisions","1","1","costco.co.uk","43"
"https://www.costco.co.uk/Garden-Sheds-Patio/Garden-Power-Tools/Lawn-Mowers/c/cos_9.6.2","Garden, Sheds, Patio > Garden Power Tools > Lawn Mowers","1","1","costco.co.uk","11"
"https://www.costco.co.uk/Grocery-Household/Chilled-Foods/Meat-Meat-Boxes/c/cos_6.4.1","Grocery & Household > Chilled Foods > Meat & Meat Boxes","1","1","costco.co.uk","31"
"https://www.costco.co.uk/Health-Beauty/Aids-for-Independent-Living/Incontinence/c/cos_7.2.9","Health & Beauty > Aids for Independent Living > Incontinence","1","1","costco.co.uk","3"
"https://www.costco.co.uk/Electronics-Security/Smart-Technology/Smart-Watches-Wearable-Tech/c/cos_1.14.1","Electronics & Security > Smart Technology > Smart Watches & Wearable Tech","1","1","costco.co.uk","9"
"https://www.costco.co.uk/Health-Beauty/Optical/Optical-Accessories/c/cos_7.9.2","Health & Beauty > Optical > Optical Accessories","1","1","costco.co.uk","11"
"https://www.costco.co.uk/Sports-Spas-Leisure/Optics/Binoculars/c/cos_5.7.2","Sports, Spas, Leisure > Optics > Binoculars","1","1","costco.co.uk","1"
"https://www.costco.co.uk/Appliances/Commercial-Restaurant-Appliances/Commercial-Laundry/c/cos_10.10.1","Appliances > Commercial & Restaurant Appliances > Commercial Laundry","1","1","costco.co.uk","2"
"https://www.costco.co.uk/Appliances/Cooling-Air-Treatment-Heating/Radiators/c/cos_8.4.3","Appliances > Cooling, Air Treatment & Heating > Radiators","1","1","costco.co.uk","24"
"https://www.costco.co.uk/Business-Office-Supplies/Printers-Machines/Inkjet-Printers/c/cos_11.1.1","Business & Office Supplies > Printers & Machines > Inkjet Printers","1","1","costco.co.uk","1"
"https://www.costco.co.uk/Case-Sales/c/cos_22.1","Case Sales","1","1","costco.co.uk","4"
"https://www.costco.co.uk/Sports-Spas-Leisure/Outdoor-Sports/Football/c/cos_5.2.1","Sports, Spas, Leisure > Outdoor Sports > Football","1","1","costco.co.uk","25"
"https://www.costco.co.uk/Sports-Spas-Leisure/Fitness-Exercise/Pilates/c/cos_5.1.4","Sports, Spas, Leisure > Fitness & Exercise > Pilates","1","1","costco.co.uk","7"
"https://www.costco.co.uk/Wines-Spirits-Beer/All-Spirits/Rum/c/cos_6.10.5","Wines, Spirits & Beer > All Spirits > Rum","1","1","costco.co.uk","1"
"https://www.costco.co.uk/Grocery-Household/Paper-Products-Food-Storage/Food-Containers-Foil-Wraps/c/cos_6.11.6","Grocery & Household > Paper Products & Food Storage > Food Containers, Foil & Wraps","1","1","costco.co.uk","11"
"https://www.costco.co.uk/Garden-Sheds-Patio/Barbecues-and-Firepits/Outdoor-Fireplaces/c/cos_9.4.5","Garden, Sheds, Patio > Barbecues and Firepits > Outdoor Fireplaces","1","1","costco.co.uk","3"
"https://www.costco.co.uk/Toys-Baby-Child/Outdoor-Play/c/cos_4.4","Toys, Baby & Child > Outdoor Play","1","1","costco.co.uk","76"
"https://www.costco.co.uk/Sports-Spas-Leisure/Outdoor-Sports/Basketball/c/cos_5.2.5","Sports, Spas, Leisure > Outdoor Sports > Basketball","1","1","costco.co.uk","9"
"https://www.costco.co.uk/Home-Improvement/Flooring-Tiles/Vinyl-Flooring/c/cos_8.13.4","Home Improvement > Flooring & Tiles > Vinyl Flooring","1","1","costco.co.uk","6"
"https://www.costco.co.uk/Health-Beauty/Haircare/Shampoo-Conditioner/c/cos_7.6.1","Health & Beauty > Haircare > Shampoo & Conditioner","1","1","costco.co.uk","2"
"https://www.costco.co.uk/Garden-Sheds-Patio/Outdoor-Fun/Playhouses-Playsets/c/cos_9.7.8","Garden, Sheds, Patio > Outdoor Fun > Playhouses & Playsets","1","1","costco.co.uk","17"
"https://www.costco.co.uk/Health-Beauty/Home-Health-Care/Blood-Pressure-Health-Monitors/c/cos_7.10.1","Health & Beauty > Home Health Care > Blood Pressure & Health Monitors","1","1","costco.co.uk","1"
"https://www.costco.co.uk/Grocery-Household/Chilled-Foods/Chilled-Desserts/c/cos_6.4.7","Grocery & Household > Chilled Foods > Chilled Desserts","1","1","costco.co.uk","2"
"https://www.costco.co.uk/Jewellery-Apparel-Gifts/Gifts/Memorabilia-Gifts/c/cos_3.10.6","Jewellery, Apparel, Gifts > Gifts > Memorabilia Gifts","1","1","costco.co.uk","59"
"https://www.costco.co.uk/Garden-Sheds-Patio/Barbecues-and-Firepits/Gas-Barbecues/c/cos_9.3.1","Garden, Sheds, Patio > Barbecues and Firepits > Gas Barbecues","1","1","costco.co.uk","8"
"https://www.costco.co.uk/Business-Office-Supplies/Filing-Solutions/Plastic-Pockets-Folders/c/cos_11.9.5","Business & Office Supplies > Filing Solutions > Plastic Pockets & Folders","1","1","costco.co.uk","9"
"https://www.costco.co.uk/Tyres-Automotive/Garage/Installed-Garage-Doors/c/cos_8.10.2","Tyres & Automotive > Garage > Installed Garage Doors","1","1","costco.co.uk","6"
"https://www.costco.co.uk/Sports-Spas-Leisure/Experience-Days-Gift-Cards/Days-Out/c/cos_3.11.4","Sports, Spas, Leisure > Experience Days & Gift Cards > Days Out","1","1","costco.co.uk","12"
"https://www.costco.co.uk/Toys-Baby-Child/Toys/Kitchens-Accessories/c/cos_4.1.21","Toys, Baby & Child > Toys > Kitchens & Accessories","1","1","costco.co.uk","8"
"https://www.costco.co.uk/Mattresses-Beds/Bedding/c/cos_17.6","Mattresses & Beds > Bedding","1","1","costco.co.uk","47"
"https://www.costco.co.uk/Jewellery-Apparel-Gifts/Jewellery/One-of-a-Kind/c/cos_3.14.5","Jewellery, Apparel, Gifts > Jewellery > One-of-a-Kind","1","1","costco.co.uk","14"
"https://www.costco.co.uk/Health-Beauty/Mens-Grooming/Shaving-Grooming-Tools/c/cos_7.7.3","Health & Beauty > Men's Grooming > Shaving & Grooming Tools","1","1","costco.co.uk","24"
"https://www.costco.co.uk/Business-Office-Supplies/Restaurant-Catering/Disposable-Tableware/c/cos_6.11.1","Business & Office Supplies > Restaurant & Catering > Disposable Tableware","1","1","costco.co.uk","29"
"https://www.costco.co.uk/Electronics-Security/Cameras-Camcorders/Camcorders/c/cos_1.3.6","Electronics & Security > Cameras & Camcorders > Camcorders","1","1","costco.co.uk","4"
"https://www.costco.co.uk/Home-Improvement/Power-Tools/c/cos_8.1","Home Improvement > Power Tools","1","1","costco.co.uk","73"
"https://www.costco.co.uk/Business-Office-Supplies/Office-Furniture/Notice-boards/c/cos_11.3.6","Business & Office Supplies > Office Furniture > Notice boards","1","1","costco.co.uk","11"
"https://www.costco.co.uk/Toys-Baby-Child/Toys/Dollhouses-Accessories/c/cos_4.1.1","Toys, Baby & Child > Toys > Dollhouses & Accessories","1","1","costco.co.uk","6"
"https://www.costco.co.uk/Grocery-Household/Food-Cupboard/c/cos_6.3","Grocery & Household > Food Cupboard","1","1","costco.co.uk","62"
"https://www.costco.co.uk/Garden-Sheds-Patio/Garden-Structures/Greenhouses/c/cos_9.1.1","Garden, Sheds, Patio > Garden Structures > Greenhouses","1","1","costco.co.uk","7"
"https://www.costco.co.uk/Garden-Sheds-Patio/Barbecues-and-Firepits/c/cos_9.4","Garden, Sheds, Patio > Barbecues and Firepits","1","1","costco.co.uk","24"
"https://www.costco.co.uk/Jewellery-Apparel-Gifts/Handbags-Wallets/Wallets-Pens/c/cos_3.12.5","Jewellery, Apparel, Gifts > Handbags & Wallets > Wallets & Pens","1","1","costco.co.uk","7"
"https://www.costco.co.uk/Business-Office-Supplies/Printers-Machines/Laminators/c/cos_11.2.3","Business & Office Supplies > Printers & Machines > Laminators","1","1","costco.co.uk","9"
"https://www.costco.co.uk/Business-Office-Supplies/Cleaning-Care/Paper-Products-Tissues-Wipes/c/cos_6.11.3","Business & Office Supplies > Cleaning & Care > Paper Products Tissues & Wipes","1","1","costco.co.uk","15"
"https://www.costco.co.uk/Home-Improvement/Home-Safety-Security/c/cos_8.2?sort=relevance&q=%3Aprice-desc&utm_campaign=19P10W4&utm_medium=HP&utm_source=Promo&utm_content=Cat-5&utm_term=safety","Home Improvement > Home Safety & Security","1","1","costco.co.uk","95"
"https://www.costco.co.uk/Electronics-Security/Phones/Mobile-Accessories/c/cos_1.7.5","Electronics & Security > Phones > Mobile Accessories","1","1","costco.co.uk","33"
"https://www.costco.co.uk/Jewellery-Apparel-Gifts/Jewellery/Wedding-Engagement/c/cos_3.14.6","Jewellery, Apparel, Gifts > Jewellery > Wedding & Engagement","1","1","costco.co.uk","61"
"https://www.costco.co.uk/Garden-Sheds-Patio/Garden-Power-Tools/Chainsaws/c/cos_9.6.5","Garden, Sheds, Patio > Garden Power Tools > Chainsaws","1","1","costco.co.uk","1"
"https://www.costco.co.uk/Furniture-Home/Dining-Room-Furniture/c/cos_2.14","Furniture & Home > Dining Room Furniture","1","1","costco.co.uk","54"
"https://www.costco.co.uk/Garden-Sheds-Patio/Garden-Furniture/Fire-Chat-Seating-Sets/c/cos_9.8.9","Garden, Sheds, Patio > Garden Furniture > Fire Chat Seating Sets","1","1","costco.co.uk","4"
"https://www.costco.co.uk/Sports-Spas-Leisure/Experience-Days-Gift-Cards/Gift-Cards/c/cos_3.11.13","Sports, Spas, Leisure > Experience Days & Gift Cards > Gift Cards","1","1","costco.co.uk","6"
"https://www.costco.co.uk/Health-Beauty/Bath-Body/Feminine-Hygiene/c/cos_7.5.7","Health & Beauty > Bath & Body > Feminine Hygiene","1","1","costco.co.uk","4"
"https://www.costco.co.uk/Grocery-Household/Household-Sundries/Shopping-Bags/c/cos_6.11.8","Grocery & Household > Household Sundries > Shopping Bags","1","1","costco.co.uk","1"
"https://www.costco.co.uk/Wines-Spirits-Beer/All-Spirits/Tequila/c/cos_6.10.6","Wines, Spirits & Beer > All Spirits > Tequila","1","1","costco.co.uk","1"
"https://www.costco.co.uk/Garden-Sheds-Patio/Garden-Power-Tools/Pressure-Washers/c/cos_8.6.3","Garden, Sheds, Patio > Garden Power Tools > Pressure Washers","1","1","costco.co.uk","5"
"https://www.costco.co.uk/Electronics-Security/Cameras-Camcorders/Drones/c/cos_1.3.10","Electronics & Security > Cameras & Camcorders > Drones","1","1","costco.co.uk","5"
"https://www.costco.co.uk/Grocery-Household/Food-Cupboard/Cakes-Biscuits/c/cos_6.2.2","Grocery & Household > Food Cupboard > Cakes & Biscuits","1","1","costco.co.uk","19"
"https://www.costco.co.uk/Sports-Spas-Leisure/Games-Room/c/cos_5.6","Sports, Spas, Leisure > Games Room","1","1","costco.co.uk","34"
"https://www.costco.co.uk/Electronics-Security/Musical-Instruments/String-Instruments/c/cos_1.4.1","Electronics & Security > Musical Instruments > String Instruments","1","1","costco.co.uk","10"
"https://www.costco.co.uk/Business-Office-Supplies/Office-Supplies/Hole-Punches/c/cos_11.6.2","Business & Office Supplies > Office Supplies > Hole Punches","1","1","costco.co.uk","3"
"https://www.costco.co.uk/Health-Beauty/Bath-Body/Body-Care/c/cos_7.5.2","Health & Beauty > Bath & Body > Body Care","1","1","costco.co.uk","8"
"https://www.costco.co.uk/Furniture-Home/Dining-Room-Furniture/Dining-Tables/c/cos_2.1.3","Furniture & Home > Dining Room Furniture > Dining Tables","1","1","costco.co.uk","16"
"https://www.costco.co.uk/Garden-Sheds-Patio/Garden-Furniture/c/cos_9.8?sort=ratings-desc&q=%3Arelevance&utm_campaign=19P10W4&utm_medium=HP&utm_source=Promo&utm_content=Feat-2&utm_term=garfur","Garden, Sheds, Patio > Garden Furniture","1","1","costco.co.uk","78"
"https://www.costco.co.uk/Appliances/Cooling-Air-Treatment-Heating/Cooling-Fans/c/cos_2.8.2?sort=relevance&q=%3Aprice-desc","Appliances > Cooling, Air Treatment & Heating > Cooling Fans","1","1","costco.co.uk","17"
"https://www.costco.co.uk/Grocery-Household/Food-Wine-Gifts/Wine-Spirit-Gifts/c/cos_6.7.3","Grocery & Household > Food & Wine Gifts > Wine & Spirit Gifts","1","1","costco.co.uk","38"
"https://www.costco.co.uk/Home-Improvement/Doors-and-Awnings/c/cos_20.2","Home Improvement > Doors and Awnings","1","1","costco.co.uk","10"
"https://www.costco.co.uk/Home-Improvement/Flooring-Tiles/Laminate-Flooring/c/cos_8.13.3","Home Improvement > Flooring & Tiles > Laminate Flooring","1","1","costco.co.uk","5"
"https://www.costco.co.uk/Jewellery-Apparel-Gifts/Watches/c/cos_3.9","Jewellery, Apparel, Gifts > Watches","1","1","costco.co.uk","34"
"https://www.costco.co.uk/Home-Improvement/Kitchen/c/cos_8.3.2","Home Improvement > Kitchen","1","1","costco.co.uk","46"
"https://www.costco.co.uk/Electronics-Security/Cameras-Camcorders/Telescopes-Optics/c/cos_1.3.8","Electronics & Security > Cameras & Camcorders > Telescopes & Optics","1","1","costco.co.uk","19"
"https://www.costco.co.uk/Health-Beauty/Home-Health-Care/Light-Therapy/c/cos_7.2.3","Health & Beauty > Home Health Care > Light Therapy","1","1","costco.co.uk","1"
"https://www.costco.co.uk/Garden-Sheds-Patio/Garden-Furniture/Garden-Conservatory-Furniture-Sets/c/cos_9.8.2","Garden, Sheds, Patio > Garden Furniture > Garden & Conservatory Furniture Sets","1","1","costco.co.uk","26"
"https://www.costco.co.uk/Toys-Baby-Child/Outdoor-Play/Childrens-Bikes-Accessories/c/cos_4.4.1","Toys, Baby & Child > Outdoor Play > Childrens Bikes & Accessories","1","1","costco.co.uk","5"
"https://www.costco.co.uk/Appliances/Washing-Machines-Tumble-Dryers/c/cos_2.4.10","Appliances > Washing Machines & Tumble Dryers","1","1","costco.co.uk","49"
"https://www.costco.co.uk/Home-Improvement/Home-Safety-Security/Fire-Extinguishers/c/cos_8.2.3","Home Improvement > Home Safety & Security > Fire Extinguishers","1","1","costco.co.uk","4"
"https://www.costco.co.uk/Electronics-Security/Gaming-PCs-Consoles/Arcade-Machines/c/cos_1.2.6.1","Electronics & Security > Gaming PCs & Consoles > Arcade Machines","1","1","costco.co.uk","7"
"https://www.costco.co.uk/Garden-Sheds-Patio/Spas-Saunas/Swimspas-Pools/c/cos_9.9.5","Garden, Sheds, Patio > Spas & Saunas > Swimspas & Pools","1","1","costco.co.uk","7"
"https://www.costco.co.uk/Computers/Antivirus-Security-Software/c/cos_1.13","Computers > Antivirus & Security Software","1","1","costco.co.uk","7"
"https://www.costco.co.uk/Electronics-Security/Cameras-Camcorders/Cameras/c/cos_1.3.1","Electronics & Security > Cameras & Camcorders > Cameras","1","1","costco.co.uk","11"
"https://www.costco.co.uk/Grocery-Household/Food-Cupboard/Home-Baking/c/cos_6.3.8","Grocery & Household > Food Cupboard > Home Baking","1","1","costco.co.uk","16"
"https://www.costco.co.uk/Sports-Spas-Leisure/Bikes-Scooters-Accessories/Mountain-Bikes/c/cos_5.3.4","Sports, Spas, Leisure > Bikes, Scooters & Accessories > Mountain Bikes","1","1","costco.co.uk","3"
"https://www.costco.co.uk/Garden-Sheds-Patio/Garden-Structures/c/cos_9.3","Garden, Sheds, Patio > Garden Structures","1","1","costco.co.uk","44"
"https://www.costco.co.uk/Grocery-Household/Cleaning-Laundry-Products/Dishwashing/c/cos_6.8.2","Grocery & Household > Cleaning & Laundry Products > Dishwashing","1","1","costco.co.uk","8"
"https://www.costco.co.uk/Grocery-Household/Food-Wine-Gifts/c/cos_6.7","Grocery & Household > Food & Wine Gifts","1","1","costco.co.uk","49"
"https://www.costco.co.uk/Garden-Sheds-Patio/Spas-Saunas/c/cos_9.9","Garden, Sheds, Patio > Spas & Saunas","1","1","costco.co.uk","40"
"https://www.costco.co.uk/Wines-Spirits-Beer/Champagne-Sparkling-Wine/c/cos_6.1.1","Wines, Spirits & Beer > Champagne & Sparkling Wine","1","1","costco.co.uk","31"
"https://www.costco.co.uk/Health-Beauty/Bath-Body/c/cos_7.5","Health & Beauty > Bath & Body","1","1","costco.co.uk","47"
"https://www.costco.co.uk/Garden-Sheds-Patio/Garden-Furniture/Garden-Benches-Tables/c/cos_9.8.6","Garden, Sheds, Patio > Garden Furniture > Garden Benches & Tables","1","1","costco.co.uk","8"
"https://www.costco.co.uk/Appliances/Small-Kitchen-Appliances/Food-Processors-Mixers/c/cos_2.5.3","Appliances > Small Kitchen Appliances > Food Processors & Mixers","1","1","costco.co.uk","11"
"https://www.costco.co.uk/Appliances/Commercial-Restaurant-Appliances/c/cos_10.10","Appliances > Commercial & Restaurant Appliances","1","1","costco.co.uk","36"
"https://www.costco.co.uk/Business-Office-Supplies/Food-Supplies/Water-Coolers-Dispensers/c/cos_11.11.2","Business & Office Supplies > Food Supplies > Water Coolers & Dispensers","1","1","costco.co.uk","8"
"https://www.costco.co.uk/Home-Improvement/Power-Tools/Metalworking-Workshop-Tools/c/cos_8.1.9","Home Improvement > Power Tools > Metalworking Workshop Tools","1","1","costco.co.uk","3"
"https://www.costco.co.uk/Business-Office-Supplies/Office-Supplies/Glues-Adhesives/c/cos_11.6.3","Business & Office Supplies > Office Supplies > Glues & Adhesives","1","1","costco.co.uk","42"
"https://www.costco.co.uk/Electronics-Security/Cameras-Camcorders/c/cos_1.3?sort=relevance&q=%3Aprice-desc&utm_campaign=19P10W4&utm_medium=HP&utm_source=Promo&utm_content=Slider-5&utm_term=cameras","Electronics & Security > Cameras & Camcorders","1","1","costco.co.uk","46"
"https://www.costco.co.uk/Home-Improvement/Storage-Organisation/Household-Storage/c/cos_8.8.1","Home Improvement > Storage & Organisation > Household Storage","1","1","costco.co.uk","22"
"https://www.costco.co.uk/Jewellery-Apparel-Gifts/Watches/Womens-Watches/c/cos_3.9.2","Jewellery, Apparel, Gifts > Watches > Women's Watches","1","1","costco.co.uk","8"
"https://www.costco.co.uk/Home-Improvement/Hardware-DIY/Hand-Trucks-Dollies/c/cos_8.9.6","Home Improvement > Hardware & DIY > Hand Trucks & Dollies","1","1","costco.co.uk","8"
"https://www.costco.co.uk/Wines-Spirits-Beer/All-Spirits/Gin/c/cos_6.10.3","Wines, Spirits & Beer > All Spirits > Gin","1","1","costco.co.uk","8"
"https://www.costco.co.uk/Business-Office-Supplies/Restaurant-Catering/c/cos_11.13","Business & Office Supplies > Restaurant & Catering","1","1","costco.co.uk","56"
"https://www.costco.co.uk/Computers/iPad-Tablets/c/cos_16.3","Computers > iPad & Tablets","1","1","costco.co.uk","25"
"https://www.costco.co.uk/Home-Improvement/Power-Tools/Compressors-Air-Tools/c/cos_8.1.2","Home Improvement > Power Tools > Compressors & Air Tools","1","1","costco.co.uk","5"
"https://www.costco.co.uk/Garden-Sheds-Patio/Garden-Decor/Decorative-Stones-Bark/c/cos_9.2.6","Garden, Sheds, Patio > Garden Décor > Decorative Stones & Bark","1","1","costco.co.uk","8"
"https://www.costco.co.uk/Health-Beauty/Aids-for-Independent-Living/Rollators/c/cos_7.8.3","Health & Beauty > Aids for Independent Living > Rollators","1","1","costco.co.uk","2"
"https://www.costco.co.uk/Electronics-Security/Gaming-PCs-Consoles/Consoles/c/cos_1.2.6.2","Electronics & Security > Gaming PCs & Consoles > Consoles","1","1","costco.co.uk","3"
"https://www.costco.co.uk/Jewellery-Apparel-Gifts/Sunglasses/c/cos_3.15","Jewellery, Apparel, Gifts > Sunglasses","1","1","costco.co.uk","17"
"https://www.costco.co.uk/Electronics-Security/Audio-Video/Turntables/c/cos_1.6.6","Electronics & Security > Audio & Video > Turntables","1","1","costco.co.uk","1"
"https://www.costco.co.uk/Garden-Sheds-Patio/Garden-Accessories/Composters-Hoses/c/cos_9.1.3","Garden, Sheds, Patio > Garden Accessories > Composters & Hoses","1","1","costco.co.uk","3"
"https://www.costco.co.uk/Health-Beauty/Beauty/Skin-Care/c/cos_7.1.1","Health & Beauty > Beauty > Skin Care","1","1","costco.co.uk","15"
"https://www.costco.co.uk/Furniture-Home/Office-Furniture/Desks/c/cos_2.1.22","Furniture & Home > Office Furniture > Desks","1","1","costco.co.uk","8"
"https://www.costco.co.uk/Mattresses-Beds/Mattresses-with-Divan-Ottoman-Beds/c/cos_2.1.13.1","Mattresses & Beds > Mattresses with Divan & Ottoman Beds","1","1","costco.co.uk","25"
"https://www.costco.co.uk/Grocery-Household/Food-Wine-Gifts/Corporate-Gifting/c/cos_6.7.4","Grocery & Household > Food & Wine Gifts > Corporate Gifting","1","1","costco.co.uk","14"
"https://www.costco.co.uk/Jewellery-Apparel-Gifts/Jewellery-Warehouse-Displays/c/cos_3.1","Jewellery, Apparel, Gifts > Jewellery Warehouse Displays","1","1","costco.co.uk","34"
"https://www.costco.co.uk/Furniture-Home/Home-Furnishings/Rugs/c/cos_2.3.4","Furniture & Home > Home Furnishings > Rugs","1","1","costco.co.uk","20"
"https://www.costco.co.uk/Health-Beauty/Vitamins-Diet-Nutrition/Protein/c/cos_7.2.7","Health & Beauty > Vitamins, Diet & Nutrition > Protein","1","1","costco.co.uk","24"
"https://www.costco.co.uk/Business-Office-Supplies/Office-Furniture/Filing-Cabinets/c/cos_11.9.2","Business & Office Supplies > Office Furniture > Filing Cabinets","1","1","costco.co.uk","6"
"https://www.costco.co.uk/Tyres-Automotive/Automotive/Chargers-Jump-Starters/c/cos_8.5.13","Tyres & Automotive > Automotive > Chargers & Jump Starters","1","1","costco.co.uk","9"
"https://www.costco.co.uk/Health-Beauty/Bath-Body/Bath-Shower/c/cos_7.5.1","Health & Beauty > Bath & Body > Bath & Shower","1","1","costco.co.uk","7"
"https://www.costco.co.uk/Wines-Spirits-Beer/Cider/c/cos_6.9","Wines, Spirits & Beer > Cider","1","1","costco.co.uk","6"
"https://www.costco.co.uk/Grocery-Household/Nuts-Snacks-Confectionery/Sweets/c/cos_6.2.6","Grocery & Household > Nuts, Snacks & Confectionery > Sweets","1","1","costco.co.uk","3"
"https://www.costco.co.uk/Grocery-Household/Cleaning-Laundry-Products/Laundry/c/cos_2.6.4","Grocery & Household > Cleaning & Laundry Products > Laundry","1","1","costco.co.uk","19"
"https://www.costco.co.uk/Electronics-Security/Musical-Instruments/Drum-Sets-Percussion/c/cos_1.4.4","Electronics & Security > Musical Instruments > Drum Sets & Percussion","1","1","costco.co.uk","5"
"https://www.costco.co.uk/Health-Beauty/Beauty/Hair-Removal-Epilation/c/cos_7.1.6","Health & Beauty > Beauty > Hair Removal & Epilation","1","1","costco.co.uk","7"
"https://www.costco.co.uk/Grocery-Household/Tea-Coffee-Hot-Drinks/c/cos_6.3.5","Grocery & Household > Tea, Coffee & Hot Drinks","1","1","costco.co.uk","74"
"https://www.costco.co.uk/Fortified-Wine/c/cos_6.1.7","Fortified Wine","1","1","costco.co.uk","6"
"https://www.costco.co.uk/Home-Improvement/Doors-and-Awnings/Awnings/c/cos_20.2.1","Home Improvement > Doors and Awnings > Awnings","1","1","costco.co.uk","4"
"https://www.costco.co.uk/Home-Improvement/Flooring-Tiles/Door-Mats/c/cos_8.13.7","Home Improvement > Flooring & Tiles > Door Mats","1","1","costco.co.uk","6"
"https://www.costco.co.uk/Health-Beauty/Gift-Sets/Gifts-For-Him/c/cos_7.4.1","Health & Beauty > Gift Sets > Gifts For Him","1","1","costco.co.uk","6"
"https://www.costco.co.uk/Toys-Baby-Child/Toys/Construction-Toys/c/cos_4.1.6","Toys, Baby & Child > Toys > Construction Toys","1","1","costco.co.uk","14"
"https://www.costco.co.uk/Business-Office-Supplies/Office-Furniture/Coat-Stands/c/cos_11.3.4","Business & Office Supplies > Office Furniture > Coat Stands","1","1","costco.co.uk","1"
"https://www.costco.co.uk/Garden-Sheds-Patio/Garden-Power-Tools/Trimmers-Scarifiers/c/cos_9.6.3","Garden, Sheds, Patio > Garden Power Tools > Trimmers & Scarifiers","1","1","costco.co.uk","7"
"https://www.costco.co.uk/Electronics-Security/Musical-Instruments/Guitars/c/cos_1.4.8","Electronics & Security > Musical Instruments > Guitars","1","1","costco.co.uk","4"
"https://www.costco.co.uk/Grocery-Household/Entertaining/Fresh-Fish-Seafood/c/cos_6.6.1","Grocery & Household > Entertaining > Fresh Fish & Seafood","1","1","costco.co.uk","21"
"https://www.costco.co.uk/Business-Office-Supplies/Office-Furniture/Office-Accessories/c/cos_11.3.1","Business & Office Supplies > Office Furniture > Office Accessories","1","1","costco.co.uk","18"
"https://www.costco.co.uk/Grocery-Household/Pets-Wildlife/c/cos_6.12","Grocery & Household > Pets & Wildlife","1","1","costco.co.uk","53"
"https://www.costco.co.uk/Garden-Sheds-Patio/Garden-Accessories/Garden-Hand-Tools/c/cos_9.10.4","Garden, Sheds, Patio > Garden Accessories > Garden Hand Tools","1","1","costco.co.uk","5"
"https://www.costco.co.uk/Toys-Baby-Child/Toys/Arts-Crafts/c/cos_4.1.7","Toys, Baby & Child > Toys > Arts & Crafts","1","1","costco.co.uk","18"
"https://www.costco.co.uk/Sports-Spas-Leisure/Optics/Telescope-Spotting-Scope/c/cos_5.7.1","Sports, Spas, Leisure > Optics > Telescope & Spotting Scope","1","1","costco.co.uk","11"
"https://www.costco.co.uk/Furniture-Home/Books/Fiction/c/cos_10.3.8","Furniture & Home > Books > Fiction","1","1","costco.co.uk","4"
"https://www.costco.co.uk/Home-Improvement/Smart-Home/c/cos_20.1","Home Improvement > Smart Home","1","1","costco.co.uk","10"
"https://www.costco.co.uk/Furniture-Home/Dining-Room-Furniture/Chairs-Bar-Stools/c/cos_2.1.8","Furniture & Home > Dining Room Furniture > Chairs & Bar Stools","1","1","costco.co.uk","18"
"https://www.costco.co.uk/Furniture-Home/Lighting/Home-Decor-Lighting/c/cos_2.2.2","Furniture & Home > Lighting > Home Decor Lighting","1","1","costco.co.uk","27"
"https://www.costco.co.uk/Sports-Spas-Leisure/Experience-Days-Gift-Cards/c/cos_5.9?sort=relevance&q=%3Aprice-desc&utm_campaign=19P10W4&utm_medium=HP&utm_source=Promo&utm_content=Slider-3&utm_term=cards","Sports, Spas, Leisure > Experience Days & Gift Cards","1","1","costco.co.uk","32"
"https://www.costco.co.uk/Business-Office-Supplies/Paper-Mailing/Listing-Paper/c/cos_11.8.3","Business & Office Supplies > Paper & Mailing > Listing Paper","1","1","costco.co.uk","3"
"https://www.costco.co.uk/Sports-Spas-Leisure/Games-Room/Table-Football/c/cos_5.6.6","Sports, Spas, Leisure > Games Room > Table Football","1","1","costco.co.uk","6"
"https://www.costco.co.uk/Jewellery-Apparel-Gifts/Clothing-Accessories/c/cos_3.13","Jewellery, Apparel, Gifts > Clothing & Accessories","1","1","costco.co.uk","32"
"https://www.costco.co.uk/Sports-Spas-Leisure/Camping/Tents-Shelters/c/cos_5.4.1","Sports, Spas, Leisure > Camping > Tents & Shelters","1","1","costco.co.uk","19"
"https://www.costco.co.uk/Appliances/Sewing-Garment-Care/Irons-Garment-Care/c/cos_2.5.7","Appliances > Sewing & Garment Care > Irons & Garment Care","1","1","costco.co.uk","13"
"https://www.costco.co.uk/Health-Beauty/Bath-Body/Oral-Care/c/cos_7.5.4","Health & Beauty > Bath & Body > Oral Care","1","1","costco.co.uk","17"
"https://www.costco.co.uk/Sports-Spas-Leisure/Camping/Outdoor-Cooking/c/cos_5.4.5","Sports, Spas, Leisure > Camping > Outdoor Cooking","1","1","costco.co.uk","8"
"https://www.costco.co.uk/Garden-Sheds-Patio/Spas-Saunas/Spa-Accessories/c/cos_9.9.3","Garden, Sheds, Patio > Spas & Saunas > Spa Accessories","1","1","costco.co.uk","9"
"https://www.costco.co.uk/Appliances/Cooking-Appliances/Oven/c/cos_10.11.1","Appliances > Cooking Appliances > Oven","1","1","costco.co.uk","9"
"https://www.costco.co.uk/Toys-Baby-Child/Baby-Care/Nappies-Wipes/c/cos_4.6.1","Toys, Baby & Child > Baby Care > Nappies & Wipes","1","1","costco.co.uk","28"
"https://www.costco.co.uk/Wines-Spirits-Beer/All-Spirits/Spirit-Gifts/c/cos_6.10.10","Wines, Spirits & Beer > All Spirits > Spirit Gifts","1","1","costco.co.uk","24"
"https://www.costco.co.uk/Electronics-Security/Cameras-Camcorders/c/cos_1.3","Electronics & Security > Cameras & Camcorders","1","1","costco.co.uk","46"
"https://www.costco.co.uk/Wines-Spirits-Beer/All-Spirits/Vodka/c/cos_6.10.1","Wines, Spirits & Beer > All Spirits > Vodka","1","1","costco.co.uk","8"
"https://www.costco.co.uk/Business-Office-Supplies/Paper-Mailing/Envelopes/c/cos_11.7.1","Business & Office Supplies > Paper & Mailing > Envelopes","1","1","costco.co.uk","9"
"https://www.costco.co.uk/Furniture-Home/Books/Cookery-Hobbies/c/cos_10.4.7","Furniture & Home > Books > Cookery & Hobbies","1","1","costco.co.uk","2"
"https://www.costco.co.uk/Home-Improvement/Home-Safety-Security/c/cos_8.2","Home Improvement > Home Safety & Security","1","1","costco.co.uk","95"
"https://www.costco.co.uk/Grocery-Household/Nuts-Snacks-Confectionery/Speciality-Popcorn/c/cos_6.2.7","Grocery & Household > Nuts, Snacks & Confectionery > Speciality Popcorn","1","1","costco.co.uk","4"
"https://www.costco.co.uk/Health-Beauty/Home-Health-Care/c/cos_7.10","Health & Beauty > Home Health Care","1","1","costco.co.uk","26"
"https://www.costco.co.uk/Health-Beauty/Vitamins-Diet-Nutrition/Weight-Management/c/cos_7.2.4","Health & Beauty > Vitamins, Diet & Nutrition > Weight Management","1","1","costco.co.uk","12"
"https://www.costco.co.uk/Business-Office-Supplies/Office-Supplies/Correction/c/cos_11.5.4","Business & Office Supplies > Office Supplies > Correction","1","1","costco.co.uk","7"
"https://www.costco.co.uk/Home-Improvement/Bathroom/Mirrors-Cabinets/c/cos_8.3.10","Home Improvement > Bathroom > Mirrors & Cabinets","1","1","costco.co.uk","9"
"https://www.costco.co.uk/Toys-Baby-Child/Outdoor-Play/Children-Outdoor-Fun/c/cos_4.4.4","Toys, Baby & Child > Outdoor Play > Children Outdoor Fun","1","1","costco.co.uk","25"
"https://www.costco.co.uk/Business-Office-Supplies/Food-Supplies/Beverages/c/cos_11.11.3","Business & Office Supplies > Food Supplies > Beverages","1","1","costco.co.uk","79"
"https://www.costco.co.uk/Electronics-Security/Smart-Technology/Smart-Plugs-Switches/c/cos_1.14.4","Electronics & Security > Smart Technology > Smart Plugs & Switches","1","1","costco.co.uk","7"
"https://www.costco.co.uk/Appliances/Cooling-Air-Treatment-Heating/Fireplaces-Stoves/c/cos_8.4.2","Appliances > Cooling, Air Treatment & Heating > Fireplaces & Stoves","1","1","costco.co.uk","13"
"https://www.costco.co.uk/Grocery-Household/Food-Wine-Gifts/Food-Gifts/c/cos_6.7.1","Grocery & Household > Food & Wine Gifts > Food Gifts","1","1","costco.co.uk","9"
"https://www.costco.co.uk/Furniture-Home/Dining-Room-Furniture/Sideboards-Occasional-Tables/c/cos_2.1.20","Furniture & Home > Dining Room Furniture > Sideboards & Occasional Tables","1","1","costco.co.uk","21"
"https://www.costco.co.uk/Grocery-Household/Tea-Coffee-Hot-Drinks/Tea-Coffee-Capsules/c/cos_6.3.12","Grocery & Household > Tea, Coffee & Hot Drinks > Tea & Coffee Capsules","1","1","costco.co.uk","13"
"https://www.costco.co.uk/Garden-Sheds-Patio/Barbecues-and-Firepits/Barbecues/c/cos_9.4.9?utm_campaign=19P10W4&utm_medium=HP&utm_source=Promo&utm_content=Feat-3&utm_term=bbqs","Garden, Sheds, Patio > Barbecues and Firepits > Barbecues","1","1","costco.co.uk","20"
"https://www.costco.co.uk/Garden-Sheds-Patio/Garden-Furniture/Patio-Heaters/c/cos_9.8.10","Garden, Sheds, Patio > Garden Furniture > Patio Heaters","1","1","costco.co.uk","10"
"https://www.costco.co.uk/Electronics-Security/Televisions-Projectors/c/cos_1.1","Electronics & Security > Televisions & Projectors","1","1","costco.co.uk","93"
"https://www.costco.co.uk/Electronics-Security/Cameras-Camcorders/Lenses-Accessories/c/cos_1.3.7","Electronics & Security > Cameras & Camcorders > Lenses & Accessories","1","1","costco.co.uk","3"
"https://www.costco.co.uk/Garden-Sheds-Patio/Spas-Saunas/Saunas-Steam/c/cos_9.9.2","Garden, Sheds, Patio > Spas & Saunas > Saunas & Steam","1","1","costco.co.uk","9"
"https://www.costco.co.uk/CCTV-Cameras/c/cos_1.9.3","CCTV Cameras","1","1","costco.co.uk","26"
"https://www.costco.co.uk/Business-Office-Supplies/Cleaning-Care/Laundry-Hand-Soap-Lotions/c/cos_11.14.1","Business & Office Supplies > Cleaning & Care > Laundry Hand Soap & Lotions","1","1","costco.co.uk","20"
"https://www.costco.co.uk/Furniture-Home/Kitchen-Dining/Drinkware/c/cos_2.7.3","Furniture & Home > Kitchen & Dining > Drinkware","1","1","costco.co.uk","24"
"https://www.costco.co.uk/Business-Office-Supplies/Cleaning-Care/c/cos_11.14","Business & Office Supplies > Cleaning & Care","1","1","costco.co.uk","92"
"https://www.costco.co.uk/Business-Office-Supplies/Safety-Security/Identification/c/cos_11.10.7","Business & Office Supplies > Safety & Security > Identification","1","1","costco.co.uk","6"
"https://www.costco.co.uk/Mattresses-Beds/Headboards/c/cos_2.1.13.3","Mattresses & Beds > Headboards","1","1","costco.co.uk","25"
"https://www.costco.co.uk/Garden-Sheds-Patio/Garden-Furniture/Garden-Dining-Sets/c/cos_9.8.1","Garden, Sheds, Patio > Garden Furniture > Garden Dining Sets","1","1","costco.co.uk","25"
"https://www.costco.co.uk/Toys-Baby-Child/Indoor-Games/c/cos_4.3","Toys, Baby & Child > Indoor Games","1","1","costco.co.uk","35"
"https://www.costco.co.uk/Grocery-Household/Household-Sundries/Firelighters/c/cos_6.11.7","Grocery & Household > Household Sundries > Firelighters","1","1","costco.co.uk","1"
"https://www.costco.co.uk/Appliances/Cooling-Air-Treatment-Heating/Cooling-Fans/c/cos_2.8.2","Appliances > Cooling, Air Treatment & Heating > Cooling Fans","1","1","costco.co.uk","17"
"https://www.costco.co.uk/Jewellery-Apparel-Gifts/Jewellery/Jewellery-Boxes/c/cos_3.14.8","Jewellery, Apparel, Gifts > Jewellery > Jewellery Boxes","1","1","costco.co.uk","2"
"https://www.costco.co.uk/Grocery-Household/Entertaining/BBQ-Food/c/cos_6.6.12","Grocery & Household > Entertaining > BBQ Food","1","1","costco.co.uk","20"
"https://www.costco.co.uk/Appliances/Cooling-Air-Treatment-Heating/Indoor-Heating/c/cos_2.8.1","Appliances > Cooling, Air Treatment & Heating > Indoor Heating","1","1","costco.co.uk","24"
"https://www.costco.co.uk/Garden-Sheds-Patio/Outdoor-Fun/Playcentres-Installation-Packages/c/cos_9.7.7","Garden, Sheds, Patio > Outdoor Fun > Playcentres Installation Packages","1","1","costco.co.uk","4"
"https://www.costco.co.uk/Tyres-Automotive/Garage/c/cos_8.10","Tyres & Automotive > Garage","1","1","costco.co.uk","31"
"https://www.costco.co.uk/Sports-Spas-Leisure/Fitness-Exercise/Gym-Equipment/c/cos_5.1.3","Sports, Spas, Leisure > Fitness & Exercise > Gym Equipment","1","1","costco.co.uk","9"
"https://www.costco.co.uk/Sports-Spas-Leisure/Bikes-Scooters-Accessories/Road-Bikes/c/cos_5.3.6","Sports, Spas, Leisure > Bikes, Scooters & Accessories > Road Bikes","1","1","costco.co.uk","11"
"https://www.costco.co.uk/Sports-Spas-Leisure/Camping/c/cos_5.4","Sports, Spas, Leisure > Camping","1","1","costco.co.uk","78"
"https://www.costco.co.uk/Furniture-Home/Kitchen-Dining/Kitchen-Bins/c/cos_2.7.8","Furniture & Home > Kitchen & Dining > Kitchen Bins","1","1","costco.co.uk","11"
"https://www.costco.co.uk/Garden-Sheds-Patio/Garden-Structures/Garden-Covers-Shades/c/cos_9.3.7","Garden, Sheds, Patio > Garden Structures > Garden Covers & Shades","1","1","costco.co.uk","13"
"https://www.costco.co.uk/Jewellery-Apparel-Gifts/Sunglasses/Womens-Sunglasses/c/cos_3.15.2","Jewellery, Apparel, Gifts > Sunglasses > Women's Sunglasses","1","1","costco.co.uk","15"
"https://www.costco.co.uk/Wines-Spirits-Beer/All-Spirits/Pre-Mixed-Mixers/c/cos_6.10.8","Wines, Spirits & Beer > All Spirits > Pre-Mixed & Mixers","1","1","costco.co.uk","1"
"https://www.costco.co.uk/Sports-Spas-Leisure/Outdoor-Sports/Golf/c/cos_5.2.4","Sports, Spas, Leisure > Outdoor Sports > Golf","1","1","costco.co.uk","22"
"https://www.costco.co.uk/Garden-Sheds-Patio/Barbecues-and-Firepits/Barbecue-Fuel/c/cos_9.4.7","Garden, Sheds, Patio > Barbecues and Firepits > Barbecue Fuel","1","1","costco.co.uk","2"
"https://www.costco.co.uk/Business-Office-Supplies/Printers-Machines/Label-Machines/c/cos_11.2.8","Business & Office Supplies > Printers & Machines > Label Machines","1","1","costco.co.uk","1"
"https://www.costco.co.uk/Electronics-Security/Smart-Technology/Smart-Speakers/c/cos_1.14.6","Electronics & Security > Smart Technology > Smart Speakers","1","1","costco.co.uk","2"
"https://www.costco.co.uk/Grocery-Household/Entertaining/Celebration-Cakes-Desserts/c/cos_6.6.4","Grocery & Household > Entertaining > Celebration Cakes & Desserts","1","1","costco.co.uk","17"
"https://www.costco.co.uk/Furniture-Home/Lighting/c/cos_2.2","Furniture & Home > Lighting","1","1","costco.co.uk","69"
"https://www.costco.co.uk/Mattresses-Beds/Nursery-Childrens-Furniture/Nursery-Furniture/c/cos_17.4","Mattresses & Beds > Nursery & Children's Furniture > Nursery Furniture","1","1","costco.co.uk","1"
"https://www.costco.co.uk/Computers/Laptops-MacBooks/c/cos_16.1","Computers > Laptops & MacBooks","1","1","costco.co.uk","49"
"https://www.costco.co.uk/Jewellery-Apparel-Gifts/Sunglasses/Unisex-Sunglasses/c/cos_3.15.4","Jewellery, Apparel, Gifts > Sunglasses > Unisex Sunglasses","1","1","costco.co.uk","4"
"https://www.costco.co.uk/Toys-Baby-Child/Outdoor-Play/Playcentres-Playhouses/c/cos_4.4.5","Toys, Baby & Child > Outdoor Play > Playcentres & Playhouses","1","1","costco.co.uk","26"
"https://www.costco.co.uk/Grocery-Household/Food-Cupboard/Spreads-Condiments/c/cos_6.3.3","Grocery & Household > Food Cupboard > Spreads & Condiments","1","1","costco.co.uk","14"
"https://www.costco.co.uk/Garden-Sheds-Patio/Outdoor-Fun/Pools-Inflatables/c/cos_9.7.5","Garden, Sheds, Patio > Outdoor Fun > Pools & Inflatables","1","1","costco.co.uk","21"
"https://www.costco.co.uk/Business-Office-Supplies/Filing-Solutions/Organisation-Folders/c/cos_11.9.11","Business & Office Supplies > Filing Solutions > Organisation Folders","1","1","costco.co.uk","2"
"https://www.costco.co.uk/Sports-Spas-Leisure/Outdoor-Sports/Cricket/c/cos_5.2.6","Sports, Spas, Leisure > Outdoor Sports > Cricket","1","1","costco.co.uk","2"
"https://www.costco.co.uk/Electronics-Security/Gaming-PCs-Consoles/Gaming-Accessories/c/cos_1.2.6.7","Electronics & Security > Gaming PCs & Consoles > Gaming Accessories","1","1","costco.co.uk","29"
"https://www.costco.co.uk/Sports-Spas-Leisure/Optics/Microscopes/c/cos_5.7.3","Sports, Spas, Leisure > Optics > Microscopes","1","1","costco.co.uk","7"
"https://www.costco.co.uk/Garden-Sheds-Patio/Outdoor-Fun/Bouncy-Castles/c/cos_9.7.2","Garden, Sheds, Patio > Outdoor Fun > Bouncy Castles","1","1","costco.co.uk","11"
"https://www.costco.co.uk/Sports-Spas-Leisure/Boating-Watersports/Water-Accessories/c/cos_5.5.3","Sports, Spas, Leisure > Boating & Watersports > Water Accessories","1","1","costco.co.uk","15"
"https://www.costco.co.uk/Furniture-Home/Home-Furnishings/Towels-Bath-Mats/c/cos_2.3.2","Furniture & Home > Home Furnishings > Towels & Bath Mats","1","1","costco.co.uk","5"
"https://www.costco.co.uk/Business-Office-Supplies/Paper-Mailing/Packing-Strapping/c/cos_11.8.2","Business & Office Supplies > Paper & Mailing > Packing & Strapping","1","1","costco.co.uk","23"
"https://www.costco.co.uk/Health-Beauty/Aids-for-Independent-Living/Mobility-Chairs/c/cos_7.8.2","Health & Beauty > Aids for Independent Living > Mobility Chairs","1","1","costco.co.uk","3"
"https://www.costco.co.uk/Toys-Baby-Child/Furniture-Bedding/Cots-Beds/c/cos_4.5.2","Toys, Baby & Child > Furniture & Bedding > Cots & Beds","1","1","costco.co.uk","1"
"https://www.costco.co.uk/Business-Office-Supplies/Office-Furniture/Shelving-Trays-Organisers/c/cos_11.9.8","Business & Office Supplies > Office Furniture > Shelving, Trays & Organisers","1","1","costco.co.uk","3"
"https://www.costco.co.uk/Appliances/Sewing-Garment-Care/c/cos_2.5.9","Appliances > Sewing & Garment Care","1","1","costco.co.uk","15"
"https://www.costco.co.uk/Furniture-Home/Living-Room-Furniture/TV-Stands/c/cos_2.1.10","Furniture & Home > Living Room Furniture > TV Stands","1","1","costco.co.uk","18"
"https://www.costco.co.uk/Business-Office-Supplies/Hardware/c/cos_11.8","Business & Office Supplies > Hardware","1","1","costco.co.uk","7"
"https://www.costco.co.uk/Sports-Spas-Leisure/Boating-Watersports/c/cos_5.5","Sports, Spas, Leisure > Boating & Watersports","1","1","costco.co.uk","68"
"https://www.costco.co.uk/Sports-Spas-Leisure/Fireworks/c/cos_5.11","Sports, Spas, Leisure > Fireworks","1","1","costco.co.uk","17"
"https://www.costco.co.uk/Appliances/Cooking-Appliances/Hood/c/cos_10.11.3","Appliances > Cooking Appliances > Hood","1","1","costco.co.uk","1"
"https://www.costco.co.uk/Business-Office-Supplies/Safety-Security/c/cos_11.10","Business & Office Supplies > Safety & Security","1","1","costco.co.uk","28"
"https://www.costco.co.uk/Health-Beauty/Optical/c/cos_7.9","Health & Beauty > Optical","1","1","costco.co.uk","11"
"https://www.costco.co.uk/Mattresses-Beds/Beds/c/cos_17.3","Mattresses & Beds > Beds","1","1","costco.co.uk","12"
"https://www.costco.co.uk/Jewellery-Apparel-Gifts/Gifts/Hampers-Gift-Baskets/c/cos_6.7.5","Jewellery, Apparel, Gifts > Gifts > Hampers & Gift Baskets","1","1","costco.co.uk","5"
"https://www.costco.co.uk/Sports-Spas-Leisure/Games-Room/Other-Games/c/cos_5.6.9","Sports, Spas, Leisure > Games Room > Other Games","1","1","costco.co.uk","9"
"https://www.costco.co.uk/Rose-Wine/c/cos_6.1.4","Rose Wine","1","1","costco.co.uk","10"
"https://www.costco.co.uk/Jewellery-Apparel-Gifts/Jewellery/Bracelets/c/cos_3.14.4","Jewellery, Apparel, Gifts > Jewellery > Bracelets","1","1","costco.co.uk","23"
"https://www.costco.co.uk/Toys-Baby-Child/Toys/Pedal-Push-Ride-Ons/c/cos_4.4.3","Toys, Baby & Child > Toys > Pedal & Push Ride Ons","1","1","costco.co.uk","15"
"https://www.costco.co.uk/Grocery-Household/Chilled-Foods/Cheese/c/cos_6.4.4","Grocery & Household > Chilled Foods > Cheese","1","1","costco.co.uk","44"
"https://www.costco.co.uk/Business-Office-Supplies/Safety-Security/Safety-Equipment/c/cos_11.10.2","Business & Office Supplies > Safety & Security > Safety Equipment","1","1","costco.co.uk","3"
"https://www.costco.co.uk/Appliances/Microwaves/c/cos_2.4.6","Appliances > Microwaves","1","1","costco.co.uk","11"
"https://www.costco.co.uk/Grocery-Household/Food-Cupboard/Pasta-Rice-Noodles/c/cos_6.3.4","Grocery & Household > Food Cupboard > Pasta, Rice & Noodles","1","1","costco.co.uk","6"
"https://www.costco.co.uk/Sports-Spas-Leisure/Bikes-Scooters-Accessories/Kids-Bikes/c/cos_5.3.8","Sports, Spas, Leisure > Bikes, Scooters & Accessories > Kids Bikes","1","1","costco.co.uk","15"
"https://www.costco.co.uk/Garden-Sheds-Patio/Garden-Decor/Fountains-Statues/c/cos_9.2.4","Garden, Sheds, Patio > Garden Décor > Fountains & Statues","1","1","costco.co.uk","16"
"https://www.costco.co.uk/Business-Office-Supplies/Paper-Mailing/Notepads/c/cos_11.7.9","Business & Office Supplies > Paper & Mailing > Notepads","1","1","costco.co.uk","5"
"https://www.costco.co.uk/Business-Office-Supplies/Printers-Machines/Clocking-Machines/c/cos_11.2.7","Business & Office Supplies > Printers & Machines > Clocking Machines","1","1","costco.co.uk","4"
"https://www.costco.co.uk/Appliances/Dishwashers/c/cos_2.4.5","Appliances > Dishwashers","1","1","costco.co.uk","12"
"https://www.costco.co.uk/Furniture-Home/Floorcare-Steam-Cleaning/Vacuums/c/cos_2.6.1","Furniture & Home > Floorcare & Steam Cleaning > Vacuums","1","1","costco.co.uk","39"
"https://www.costco.co.uk/Home-Improvement/Storage-Organisation/Workbenches/c/cos_8.5.7","Home Improvement > Storage & Organisation > Workbenches","1","1","costco.co.uk","1"
"https://www.costco.co.uk/Furniture-Home/Lighting/Light-Bulbs/c/cos_2.2.3","Furniture & Home > Lighting > Light Bulbs","1","1","costco.co.uk","14"
"https://www.costco.co.uk/Sports-Spas-Leisure/Experience-Days-Gift-Cards/Spa-Well-Being-Days/c/cos_3.11.3","Sports, Spas, Leisure > Experience Days & Gift Cards > Spa & Well Being Days","1","1","costco.co.uk","2"
"https://www.costco.co.uk/Home-Improvement/Kitchen/Sinks/c/cos_8.12.1","Home Improvement > Kitchen > Sinks","1","1","costco.co.uk","9"
"https://www.costco.co.uk/Wines-Spirits-Beer/All-Spirits/Whisky/c/cos_6.10.2","Wines, Spirits & Beer > All Spirits > Whisky","1","1","costco.co.uk","24"
"https://www.costco.co.uk/Garden-Sheds-Patio/Garden-Furniture/c/cos_9.8","Garden, Sheds, Patio > Garden Furniture","1","1","costco.co.uk","78"
"https://www.costco.co.uk/Electronics-Security/Audio-Video/Karaoke-Sound-Systems/c/cos_1.4.6","Electronics & Security > Audio & Video > Karaoke &  Sound Systems","1","1","costco.co.uk","16"
"https://www.costco.co.uk/Toys-Baby-Child/Indoor-Games/Games-Table-Accessories/c/cos_4.3.1","Toys, Baby & Child > Indoor Games > Games Table & Accessories","1","1","costco.co.uk","23"
"https://www.costco.co.uk/Business-Office-Supplies/Paper-Mailing/Post-it-Notes/c/cos_11.7.2","Business & Office Supplies > Paper & Mailing > Post-it Notes","1","1","costco.co.uk","12"
"https://www.costco.co.uk/Furniture-Home/Home-Furnishings/Duvets-Pillows/c/cos_2.3.1","Furniture & Home > Home Furnishings > Duvets & Pillows","1","1","costco.co.uk","27"
"https://www.costco.co.uk/Business-Office-Supplies/Paper-Mailing/Stamps/c/cos_11.7.7","Business & Office Supplies > Paper & Mailing > Stamps","1","1","costco.co.uk","16"
"https://www.costco.co.uk/Furniture-Home/Home-Furnishings/Cushions-Throws/c/cos_2.3.6","Furniture & Home > Home Furnishings > Cushions & Throws","1","1","costco.co.uk","8"
"https://www.costco.co.uk/Tyres-Automotive/Car-Maintenance/Car-Cleaning/c/cos_8.6.2","Tyres & Automotive > Car Maintenance > Car Cleaning","1","1","costco.co.uk","12"
"https://www.costco.co.uk/Sports-Spas-Leisure/Optics/c/cos_5.7","Sports, Spas, Leisure > Optics","1","1","costco.co.uk","19"
"https://www.costco.co.uk/Garden-Sheds-Patio/Outdoor-Fun/Swings/c/cos_9.7.4","Garden, Sheds, Patio > Outdoor Fun > Swings","1","1","costco.co.uk","3"
"https://www.costco.co.uk/Furniture-Home/Bedroom-Furniture/c/cos_2.16","Furniture & Home > Bedroom Furniture","1","1","costco.co.uk","22"
"https://www.costco.co.uk/Furniture-Home/Living-Room-Furniture/c/cos_2.1","Furniture & Home > Living Room Furniture","1","1","costco.co.uk","79"
"https://www.costco.co.uk/Computers/Printers-Scanners/c/cos_16.4","Computers > Printers & Scanners","1","1","costco.co.uk","3"
"https://www.costco.co.uk/Furniture-Home/Home-Furnishings/Mirrors/c/cos_2.3.3","Furniture & Home > Home Furnishings > Mirrors","1","1","costco.co.uk","19"
"https://www.costco.co.uk/Grocery-Household/Nuts-Snacks-Confectionery/Bars/c/cos_6.2.1","Grocery & Household > Nuts, Snacks & Confectionery > Bars","1","1","costco.co.uk","6"
"https://www.costco.co.uk/Home-Improvement/Hardware-DIY/Torches/c/cos_8.1.13","Home Improvement > Hardware & DIY > Torches","1","1","costco.co.uk","7"
"https://www.costco.co.uk/Business-Office-Supplies/Printers-Machines/Mobile-Printing/c/cos_11.2.9","Business & Office Supplies > Printers & Machines > Mobile Printing","1","1","costco.co.uk","2"
"https://www.costco.co.uk/Business-Office-Supplies/Restaurant-Catering/Cooking-Ingredients/c/cos_11.13.2","Business & Office Supplies > Restaurant & Catering > Cooking Ingredients","1","1","costco.co.uk","6"
"https://www.costco.co.uk/Tyres-Automotive/Automotive/Trolley-Jacks-Axle-Stands/c/cos_8.5.10","Tyres & Automotive > Automotive > Trolley Jacks & Axle Stands","1","1","costco.co.uk","6"
"https://www.costco.co.uk/Tyres-Automotive/Tyres-Accessories/Inflators/c/cos_8.11.3","Tyres & Automotive > Tyres & Accessories > Inflators","1","1","costco.co.uk","1"
"https://www.costco.co.uk/Business-Office-Supplies/Office-Furniture/c/cos_11.3","Business & Office Supplies > Office Furniture","1","1","costco.co.uk","71"
"https://www.costco.co.uk/Home-Improvement/Bathroom/Showers/c/cos_8.3.9","Home Improvement > Bathroom > Showers","1","1","costco.co.uk","20"
"https://www.costco.co.uk/CCTV-Recorders/c/cos_1.9.2","CCTV Recorders","1","1","costco.co.uk","4"
"https://www.costco.co.uk/Electronics-Security/Musical-Instruments/c/cos_1.4","Electronics & Security > Musical Instruments","1","1","costco.co.uk","30"
"https://www.costco.co.uk/Sports-Spas-Leisure/Bikes-Scooters-Accessories/c/cos_5.3","Sports, Spas, Leisure > Bikes, Scooters & Accessories","1","1","costco.co.uk","66"
"https://www.costco.co.uk/Business-Office-Supplies/Computer-Tablet-Accessories/c/cos_1.8","Business & Office Supplies > Computer & Tablet Accessories","1","1","costco.co.uk","26"
"https://www.costco.co.uk/Furniture-Home/Kitchen-Dining/Kitchen-Accessories/c/cos_2.7.5","Furniture & Home > Kitchen & Dining > Kitchen Accessories","1","1","costco.co.uk","10"
"https://www.costco.co.uk/Home-Improvement/Flooring-Tiles/Wall-Floor-Tiles/c/cos_8.13.5","Home Improvement > Flooring & Tiles > Wall & Floor Tiles","1","1","costco.co.uk","2"
"https://www.costco.co.uk/Jewellery-Apparel-Gifts/Gifts/Seasonal-Gifting/c/cos_3.10.5","Jewellery, Apparel, Gifts > Gifts > Seasonal Gifting","1","1","costco.co.uk","13"
"https://www.costco.co.uk/Tyres-Automotive/Automotive/Dash-Cams/c/cos_8.5.14","Tyres & Automotive > Automotive > Dash Cams","1","1","costco.co.uk","3"
"https://www.costco.co.uk/Electronics-Security/Audio-Video/Home-Cinema-Soundbar/c/cos_1.1.5","Electronics & Security > Audio & Video > Home Cinema & Soundbar","1","1","costco.co.uk","6"
"https://www.costco.co.uk/Business-Office-Supplies/Paper-Mailing/c/cos_11.7","Business & Office Supplies > Paper & Mailing","1","1","costco.co.uk","93"
"https://www.costco.co.uk/Grocery-Household/Nuts-Snacks-Confectionery/Dried-Fruit/c/cos_6.2.10","Grocery & Household > Nuts, Snacks & Confectionery > Dried Fruit","1","1","costco.co.uk","4"
"https://www.costco.co.uk/Business-Office-Supplies/Filing-Solutions/Ring-Binders-Lever-Arch/c/cos_11.9.3","Business & Office Supplies > Filing Solutions > Ring Binders & Lever Arch","1","1","costco.co.uk","9"
"https://www.costco.co.uk/c/Whats-New?sort=relevance&q=%3Aratings-desc&utm_campaign=19P9W2&utm_medium=HP&utm_source=&utm_content=Fence7&utm_term=WhatsNew","All What's New","1","1","costco.co.uk","91"
"https://www.costco.co.uk/Grocery-Household/Tea-Coffee-Hot-Drinks/Tea-Coffee/c/cos_6.3.14","Grocery & Household > Tea, Coffee & Hot Drinks > Tea & Coffee","1","1","costco.co.uk","33"
"https://www.costco.co.uk/Tyres-Automotive/Automotive/Auto-Winter-Accessories/c/cos_8.5.4","Tyres & Automotive > Automotive > Auto Winter Accessories","1","1","costco.co.uk","11"
"https://www.costco.co.uk/Wines-Spirits-Beer/All-Spirits/c/cos_6.10","Wines, Spirits & Beer > All Spirits","1","1","costco.co.uk","48"
"https://www.costco.co.uk/Electronics-Security/Cameras-Camcorders/Polaroid/c/cos_1.3.11","Electronics & Security > Cameras & Camcorders > Polaroid","1","1","costco.co.uk","3"
"https://www.costco.co.uk/Furniture-Home/Office-Furniture/Storage-Bookcases/c/cos_2.1.23","Furniture & Home > Office Furniture > Storage & Bookcases","1","1","costco.co.uk","1"
"https://www.costco.co.uk/Appliances/Small-Kitchen-Appliances/Coffee-Coffee-Capsules/c/cos_2.5.2","Appliances > Small Kitchen Appliances > Coffee & Coffee Capsules","1","1","costco.co.uk","56"
"https://www.costco.co.uk/Garden-Sheds-Patio/Barbecues-and-Firepits/Barbecues/c/cos_9.4.9","Garden, Sheds, Patio > Barbecues and Firepits > Barbecues","1","1","costco.co.uk","20"
"https://www.costco.co.uk/Garden-Sheds-Patio/Outdoor-Fun/c/cos_9.7","Garden, Sheds, Patio > Outdoor Fun","1","1","costco.co.uk","76"
"https://www.costco.co.uk/Furniture-Home/Living-Room-Furniture/Sofas-Armchairs/c/cos_2.1.17","Furniture & Home > Living Room Furniture > Sofas & Armchairs","1","1","costco.co.uk","19"
"https://www.costco.co.uk/Health-Beauty/Home-Health-Care/Pain-Relief/c/cos_7.2.11","Health & Beauty > Home Health Care > Pain Relief","1","1","costco.co.uk","4"
"https://www.costco.co.uk/Jewellery-Apparel-Gifts/Watches/Watch-Winders-and-Watch-Boxes/c/cos_3.9.3","Jewellery, Apparel, Gifts > Watches > Watch Winders and Watch Boxes","1","1","costco.co.uk","5"
"https://www.costco.co.uk/Appliances/Cooling-Air-Treatment-Heating/Heaters/c/cos_8.4.4","Appliances > Cooling, Air Treatment & Heating > Heaters","1","1","costco.co.uk","5"
"https://www.costco.co.uk/Jewellery-Apparel-Gifts/Handbags-Wallets/Handbags-Purses/c/cos_3.12.2","Jewellery, Apparel, Gifts > Handbags & Wallets > Handbags & Purses","1","1","costco.co.uk","23"
"https://www.costco.co.uk/Business-Office-Supplies/Filing-Solutions/Dividers-Indexes/c/cos_11.7.6","Business & Office Supplies > Filing Solutions > Dividers & Indexes","1","1","costco.co.uk","9"
"https://www.costco.co.uk/Grocery-Household/Household-Sundries/c/cos_6.11","Grocery & Household > Household Sundries","1","1","costco.co.uk","25"
"https://www.costco.co.uk/Business-Office-Supplies/Office-Supplies/Highlighters-Markers/c/cos_11.5.3","Business & Office Supplies > Office Supplies > Highlighters & Markers","1","1","costco.co.uk","12"
"https://www.costco.co.uk/Sports-Spas-Leisure/Camping/Beds-and-Airbeds/c/cos_5.4.4","Sports, Spas, Leisure > Camping > Beds and Airbeds","1","1","costco.co.uk","9"
"https://www.costco.co.uk/Garden-Sheds-Patio/Garden-Structures/Garden-Rooms/c/cos_9.2.2","Garden, Sheds, Patio > Garden Structures > Garden Rooms","1","1","costco.co.uk","4"
"https://www.costco.co.uk/Appliances/Small-Kitchen-Appliances/Blenders-Juicers/c/cos_2.5.1","Appliances > Small Kitchen Appliances > Blenders & Juicers","1","1","costco.co.uk","11"
"https://www.costco.co.uk/Grocery-Household/Speciality/Gluten-Free/c/cos_6.5.3","Grocery & Household > Speciality > Gluten Free","1","1","costco.co.uk","42"
"https://www.costco.co.uk/Furniture-Home/Floorcare-Steam-Cleaning/c/cos_2.6","Furniture & Home > Floorcare & Steam Cleaning","1","1","costco.co.uk","56"
"https://www.costco.co.uk/Grocery-Household/Cleaning-Laundry-Products/c/cos_6.8.1","Grocery & Household > Cleaning & Laundry Products","1","1","costco.co.uk","39"
"https://www.costco.co.uk/Wines-Spirits-Beer/Over-Sized-Spirits/c/cos_6.10.9","Wines, Spirits & Beer > Over-Sized Spirits","1","1","costco.co.uk","14"
"https://www.costco.co.uk/Health-Beauty/Vitamins-Diet-Nutrition/Health-Foods/c/cos_7.2.2","Health & Beauty > Vitamins, Diet & Nutrition > Health Foods","1","1","costco.co.uk","50"
"https://www.costco.co.uk/Electronics-Security/Musical-Instruments/DJ-Equipment/c/cos_1.4.5","Electronics & Security > Musical Instruments > DJ Equipment","1","1","costco.co.uk","6"
"https://www.costco.co.uk/Home-Improvement/Power-Tools/Woodworking-Workshop-Tools/c/cos_8.1.4","Home Improvement > Power Tools > Woodworking Workshop Tools","1","1","costco.co.uk","11"
"https://www.costco.co.uk/Garden-Sheds-Patio/Flowers/c/cos_9.5","Garden, Sheds, Patio > Flowers","1","1","costco.co.uk","16"
"https://www.costco.co.uk/Sports-Spas-Leisure/Bikes-Scooters-Accessories/Skateboards/c/cos_5.3.10","Sports, Spas, Leisure > Bikes, Scooters & Accessories > Skateboards","1","1","costco.co.uk","1"
"https://www.costco.co.uk/Tyres-Automotive/Automotive/Work-Gloves/c/cos_8.9.7","Tyres & Automotive > Automotive > Work Gloves","1","1","costco.co.uk","5"
"https://www.costco.co.uk/Electronics-Security/Gaming-PCs-Consoles/Gaming-PCs/c/cos_1.2.10","Electronics & Security > Gaming PCs & Consoles > Gaming PCs","1","1","costco.co.uk","13"
"https://www.costco.co.uk/Home-Improvement/Home-Safety-Security/Safes/c/cos_8.2.1","Home Improvement > Home Safety & Security > Safes","1","1","costco.co.uk","7"
"https://www.costco.co.uk/Sports-Spas-Leisure/Camping/Camping-Equipment/c/cos_5.4.2","Sports, Spas, Leisure > Camping > Camping Equipment","1","1","costco.co.uk","30"
"https://www.costco.co.uk/Toys-Baby-Child/Toys/Dolls-Role-Play/c/cos_4.1.9","Toys, Baby & Child > Toys > Dolls & Role Play","1","1","costco.co.uk","3"
"https://www.costco.co.uk/Electronics-Security/Audio-Video/c/cos_1.6","Electronics & Security > Audio & Video","1","1","costco.co.uk","63"
"https://www.costco.co.uk/Mattresses-Beds/Nursery-Childrens-Furniture/c/cos_2.1.12","Mattresses & Beds > Nursery & Children's Furniture","1","1","costco.co.uk","3"
"https://www.costco.co.uk/Home-Improvement/Bathroom/Basins/c/cos_8.3.5","Home Improvement > Bathroom > Basins","1","1","costco.co.uk","7"
"https://www.costco.co.uk/Toys-Baby-Child/Memorabilia/Stamps/c/cos_5.10.3","Toys, Baby & Child > Memorabilia > Stamps","1","1","costco.co.uk","15"
"https://www.costco.co.uk/Furniture-Home/Books/Childrens-Books/c/cos_10.4.11","Furniture & Home > Books > Childrens Books","1","1","costco.co.uk","36"
"https://www.costco.co.uk/Health-Beauty/Home-Health-Care/Family-Planning-Sexual-Health/c/cos_7.2.8","Health & Beauty > Home Health Care > Family Planning & Sexual Health","1","1","costco.co.uk","2"
"https://www.costco.co.uk/Business-Office-Supplies/Cleaning-Care/Trash-Cans-Bags/c/cos_11.14.4","Business & Office Supplies > Cleaning & Care > Trash Cans & Bags","1","1","costco.co.uk","12"
"https://www.costco.co.uk/Business-Office-Supplies/Printers-Machines/Cash-Registers/c/cos_11.2.2","Business & Office Supplies > Printers & Machines > Cash Registers","1","1","costco.co.uk","8"
"https://www.costco.co.uk/Appliances/Sewing-Garment-Care/Sewing-Machines/c/cos_2.5.10","Appliances > Sewing & Garment Care > Sewing Machines","1","1","costco.co.uk","2"
"https://www.costco.co.uk/Health-Beauty/Beauty/c/cos_7.1","Health & Beauty > Beauty","1","1","costco.co.uk","46"
"https://www.costco.co.uk/Appliances/Small-Kitchen-Appliances/Cooking-Specialty/c/cos_2.5.6","Appliances > Small Kitchen Appliances > Cooking & Specialty","1","1","costco.co.uk","22"
"https://www.costco.co.uk/Garden-Sheds-Patio/Garden-Structures/Gazebos-Tents-Conservatories/c/cos_9.3.5","Garden, Sheds, Patio > Garden Structures > Gazebos Tents  & Conservatories","1","1","costco.co.uk","16"
"https://www.costco.co.uk/Grocery-Household/Tea-Coffee-Hot-Drinks/Milk-Cream-Sugar/c/cos_6.3.13","Grocery & Household > Tea, Coffee & Hot Drinks > Milk, Cream & Sugar","1","1","costco.co.uk","9"
"https://www.costco.co.uk/Grocery-Household/Pallet-Deals/c/cos_6.14","Grocery & Household > Pallet Deals","1","1","costco.co.uk","50"
"https://www.costco.co.uk/Health-Beauty/Beauty/Beauty-Tools/c/cos_7.1.4","Health & Beauty > Beauty > Beauty Tools","1","1","costco.co.uk","26"
"https://www.costco.co.uk/Appliances/Fridges-Freezers/c/cos_10.11.5","Appliances > Fridges & Freezers","1","1","costco.co.uk","63"
"https://www.costco.co.uk/Sports-Spas-Leisure/Fitness-Exercise/Treadmills/c/cos_5.1.6","Sports, Spas, Leisure > Fitness & Exercise > Treadmills","1","1","costco.co.uk","7"
"https://www.costco.co.uk/CCTV-Systems/c/cos_1.9.1","CCTV Systems","1","1","costco.co.uk","26"
"https://www.costco.co.uk/Electronics-Security/Audio-Video/Hifi-Systems/c/cos_1.6.5","Electronics & Security > Audio & Video > Hifi Systems","1","1","costco.co.uk","1"
"https://www.costco.co.uk/Sports-Spas-Leisure/Experience-Days-Gift-Cards/International-Tourist-Attractions/c/cos_3.11.12","Sports, Spas, Leisure > Experience Days & Gift Cards > International Tourist Attractions","1","1","costco.co.uk","19"
"https://www.costco.co.uk/Toys-Baby-Child/Outdoor-Play/Children-Outdoor-Sports/c/cos_4.4.8","Toys, Baby & Child > Outdoor Play > Children Outdoor Sports","1","1","costco.co.uk","10"
"https://www.costco.co.uk/Business-Office-Supplies/Paper-Mailing/Notebooks/c/cos_11.7.4","Business & Office Supplies > Paper & Mailing > Notebooks","1","1","costco.co.uk","6"
"https://www.costco.co.uk/Furniture-Home/Living-Room-Furniture/c/cos_2.1?sort=relevance&q=%3Aprice-desc&utm_campaign=19P10W4&utm_medium=HP&utm_source=Promo&utm_content=Cat-6&utm_term=fur","Furniture & Home > Living Room Furniture","1","1","costco.co.uk","79"
"https://www.costco.co.uk/Furniture-Home/Floorcare-Steam-Cleaning/Steam-Cleaners-Floorcare/c/cos_2.6.2","Furniture & Home > Floorcare & Steam Cleaning > Steam Cleaners & Floorcare","1","1","costco.co.uk","19"
"https://www.costco.co.uk/Toys-Baby-Child/Baby-Care/Bathtime-Toiletries/c/cos_4.6.3","Toys, Baby & Child > Baby Care > Bathtime & Toiletries","1","1","costco.co.uk","6"
"https://www.costco.co.uk/Furniture-Home/Living-Room-Furniture/Corner-Sofas/c/cos_2.1.18","Furniture & Home > Living Room Furniture > Corner Sofas","1","1","costco.co.uk","7"
"https://www.costco.co.uk/Garden-Sheds-Patio/Garden-Furniture/Garden-Parasols-Umbrellas/c/cos_9.8.4","Garden, Sheds, Patio > Garden Furniture > Garden Parasols & Umbrellas","1","1","costco.co.uk","7"
"https://www.costco.co.uk/Home-Improvement/Hardware-DIY/c/cos_8.9","Home Improvement > Hardware & DIY","1","1","costco.co.uk","66"
"https://www.costco.co.uk/Jewellery-Apparel-Gifts/Watches/Mens-Watches/c/cos_3.9.1","Jewellery, Apparel, Gifts > Watches > Men's Watches","1","1","costco.co.uk","12"
"https://www.costco.co.uk/Electronics-Security/Musical-Instruments/Pianos-Keyboards/c/cos_1.4.3","Electronics & Security > Musical Instruments > Pianos & Keyboards","1","1","costco.co.uk","5"
"https://www.costco.co.uk/Electronics-Security/Musical-Instruments/Wind-Instruments/c/cos_1.4.2","Electronics & Security > Musical Instruments > Wind Instruments","1","1","costco.co.uk","4"
"https://www.costco.co.uk/Sports-Spas-Leisure/Camping/Cool-Boxes/c/cos_5.4.3","Sports, Spas, Leisure > Camping > Cool Boxes","1","1","costco.co.uk","11"
"https://www.costco.co.uk/Appliances/Wine-Coolers-Drink-Fridges/c/cos_2.4.7","Appliances > Wine Coolers & Drink Fridges","1","1","costco.co.uk","13"
"https://www.costco.co.uk/Garden-Sheds-Patio/Outdoor-Fun/Outdoor-Garden-Games/c/cos_9.7.3","Garden, Sheds, Patio > Outdoor Fun > Outdoor & Garden Games","1","1","costco.co.uk","16"
"https://www.costco.co.uk/Sports-Spas-Leisure/Luggage/Travel-Luggage/c/cos_3.12.1","Sports, Spas, Leisure > Luggage > Travel Luggage","1","1","costco.co.uk","41"
"https://www.costco.co.uk/c/MVM16-Hotbuy-Campaign?utm_campaign=19P10W3&utm_medium=HP&utm_source=&utm_content=Fence5&utm_term=MVM-Offers","Savings","1","1","costco.co.uk","32"
"https://www.costco.co.uk/Health-Beauty/Vitamins-Diet-Nutrition/Vitamins-Supplements/c/cos_7.2.1","Health & Beauty > Vitamins, Diet & Nutrition > Vitamins & Supplements","1","1","costco.co.uk","32"
"https://www.costco.co.uk/Appliances/Commercial-Restaurant-Appliances/Food-Preparation/c/cos_10.10.5","Appliances > Commercial & Restaurant Appliances > Food Preparation","1","1","costco.co.uk","1"
"https://www.costco.co.uk/Sports-Spas-Leisure/Boating-Watersports/Surf-Paddle-Boards/c/cos_5.5.2","Sports, Spas, Leisure > Boating & Watersports > Surf & Paddle Boards","1","1","costco.co.uk","17"
"https://www.costco.co.uk/Home-Improvement/Power-Tools/Generators-Pumps/c/cos_8.1.10","Home Improvement > Power Tools > Generators & Pumps","1","1","costco.co.uk","5"
"https://www.costco.co.uk/Furniture-Home/Books/c/cos_2.10","Furniture & Home > Books","1","1","costco.co.uk","45"
"https://www.costco.co.uk/Jewellery-Apparel-Gifts/Jewellery/Earrings/c/cos_3.14.2","Jewellery, Apparel, Gifts > Jewellery > Earrings","1","1","costco.co.uk","87"
"https://www.costco.co.uk/Furniture-Home/Bedroom-Furniture/Bedroom-Collections/c/cos_2.1.13.14","Furniture & Home > Bedroom Furniture > Bedroom Collections","1","1","costco.co.uk","10"
"https://www.costco.co.uk/Computers/Desktops-PCs-iMacs/c/cos_16.2","Computers > Desktops PCs & iMacs","1","1","costco.co.uk","8"
"https://www.costco.co.uk/Furniture-Home/Home-Furnishings/Sheets/c/cos_2.3.5","Furniture & Home > Home Furnishings > Sheets","1","1","costco.co.uk","15"
"https://www.costco.co.uk/Grocery-Household/Speciality/Free-Range/c/cos_6.5.7","Grocery & Household > Speciality > Free Range","1","1","costco.co.uk","9"
"https://www.costco.co.uk/Business-Office-Supplies/Printers-Machines/Calculators/c/cos_11.2.1","Business & Office Supplies > Printers & Machines > Calculators","1","1","costco.co.uk","1"
"https://www.costco.co.uk/Home-Improvement/Bathroom/Taps/c/cos_8.3.8","Home Improvement > Bathroom > Taps","1","1","costco.co.uk","6"
"https://www.costco.co.uk/Grocery-Household/Paper-Products-Food-Storage/c/cos_6.14.1","Grocery & Household > Paper Products & Food Storage","1","1","costco.co.uk","55"
"https://www.costco.co.uk/Toys-Baby-Child/Baby-Care/Baby-Feeding-Accessories/c/cos_4.6.2","Toys, Baby & Child > Baby Care > Baby Feeding & Accessories","1","1","costco.co.uk","2"
"https://www.costco.co.uk/Business-Office-Supplies/Office-Furniture/Tables/c/cos_11.3.3","Business & Office Supplies > Office Furniture > Tables","1","1","costco.co.uk","13"
"https://www.costco.co.uk/Garden-Sheds-Patio/Garden-Accessories/c/cos_9.1","Garden, Sheds, Patio > Garden Accessories","1","1","costco.co.uk","90"
"https://www.costco.co.uk/Wines-Spirits-Beer/All-Spirits/Brandy-Cognac/c/cos_6.10.4","Wines, Spirits & Beer > All Spirits > Brandy & Cognac","1","1","costco.co.uk","3"
"https://www.costco.co.uk/Grocery-Household/Speciality/Kirkland-Signature/c/cos_6.5.6","Grocery & Household > Speciality > Kirkland Signature","1","1","costco.co.uk","99"
"https://www.costco.co.uk/Sports-Spas-Leisure/Outdoor-Sports/Racquet-Sports/c/cos_5.2.2","Sports, Spas, Leisure > Outdoor Sports > Racquet Sports","1","1","costco.co.uk","4"
"https://www.costco.co.uk/Furniture-Home/Home-Furnishings/Artificial-Flowers-Plants/c/cos_9.5.6","Furniture & Home > Home Furnishings > Artificial Flowers & Plants","1","1","costco.co.uk","10"
"https://www.costco.co.uk/Toys-Baby-Child/Toys/Cuddly-Toys/c/cos_4.1.5","Toys, Baby & Child > Toys > Cuddly Toys","1","1","costco.co.uk","7"
"https://www.costco.co.uk/Home-Improvement/Bathroom/Toilets/c/cos_8.3.3","Home Improvement > Bathroom > Toilets","1","1","costco.co.uk","5"
"https://www.costco.co.uk/Electronics-Security/Smart-Technology/c/cos_1.14","Electronics & Security > Smart Technology","1","1","costco.co.uk","21"
"https://www.costco.co.uk/Business-Office-Supplies/Filing-Solutions/Literature-Holders/c/cos_11.9.6","Business & Office Supplies > Filing Solutions > Literature Holders","1","1","costco.co.uk","11"
"https://www.costco.co.uk/Garden-Sheds-Patio/Barbecues-and-Firepits/Firepits-Chiminea/c/cos_9.4.2","Garden, Sheds, Patio > Barbecues and Firepits > Firepits & Chiminea","1","1","costco.co.uk","2"
"https://www.costco.co.uk/Toys-Baby-Child/Memorabilia/Film/c/cos_5.10.2","Toys, Baby & Child > Memorabilia > Film","1","1","costco.co.uk","4"
"https://www.costco.co.uk/Home-Improvement/Storage-Organisation/c/cos_8.8","Home Improvement > Storage & Organisation","1","1","costco.co.uk","44"
"https://www.costco.co.uk/Garden-Sheds-Patio/Garden-Furniture/Garden-Daybeds-Loungers/c/cos_9.8.5","Garden, Sheds, Patio > Garden Furniture > Garden Daybeds & Loungers","1","1","costco.co.uk","8"
"https://www.costco.co.uk/Garden-Sheds-Patio/Flowers/Flower-Bouquets/c/cos_9.5.1","Garden, Sheds, Patio > Flowers > Flower Bouquets","1","1","costco.co.uk","6"
"https://www.costco.co.uk/Furniture-Home/Lighting/Lamps/c/cos_2.2.1","Furniture & Home > Lighting > Lamps","1","1","costco.co.uk","11"
"https://www.costco.co.uk/Jewellery-Apparel-Gifts/Sunglasses/Mens-Sunglasses/c/cos_3.15.1","Jewellery, Apparel, Gifts > Sunglasses > Men's Sunglasses","1","1","costco.co.uk","4"
"https://www.costco.co.uk/Home-Improvement/Hardware-DIY/Ladders-Scaffolding/c/cos_8.1.6","Home Improvement > Hardware & DIY > Ladders & Scaffolding","1","1","costco.co.uk","11"
"https://www.costco.co.uk/Garden-Sheds-Patio/Garden-Accessories/Outdoor-Drinkware-Serveware/c/cos_9.4.8","Garden, Sheds, Patio > Garden Accessories > Outdoor Drinkware & Serveware","1","1","costco.co.uk","27"
"https://www.costco.co.uk/Sports-Spas-Leisure/Outdoor-Sports/c/cos_5.2","Sports, Spas, Leisure > Outdoor Sports","1","1","costco.co.uk","66"
"https://www.costco.co.uk/Tyres-Automotive/Garage/Garage-Flooring/c/cos_8.10.1","Tyres & Automotive > Garage > Garage Flooring","1","1","costco.co.uk","5"
"https://www.costco.co.uk/Sports-Spas-Leisure/Experience-Days-Gift-Cards/c/cos_5.9","Sports, Spas, Leisure > Experience Days & Gift Cards","1","1","costco.co.uk","32"
"https://www.costco.co.uk/Grocery-Household/Entertaining/Quiche-Pies-Pates/c/cos_6.6.2","Grocery & Household > Entertaining > Quiche Pies & Pâtés","1","1","costco.co.uk","9"
"https://www.costco.co.uk/Garden-Sheds-Patio/Spas-Saunas/Spas-Hot-Tubs/c/cos_9.9.1","Garden, Sheds, Patio > Spas & Saunas > Spas & Hot Tubs","1","1","costco.co.uk","14"
"https://www.costco.co.uk/Toys-Baby-Child/Memorabilia/c/cos_5.10","Toys, Baby & Child > Memorabilia","1","1","costco.co.uk","59"
"https://www.costco.co.uk/Toys-Baby-Child/Travel-Safety/Childrens-Luggage/c/cos_4.7.5","Toys, Baby & Child > Travel & Safety > Childrens Luggage","1","1","costco.co.uk","7"
"https://www.costco.co.uk/Business-Office-Supplies/Office-Furniture/Bookcases/c/cos_11.9.1","Business & Office Supplies > Office Furniture > Bookcases","1","1","costco.co.uk","1"
"https://www.costco.co.uk/Business-Office-Supplies/Cleaning-Care/Cleaning-Equipment/c/cos_11.14.5","Business & Office Supplies > Cleaning & Care > Cleaning Equipment","1","1","costco.co.uk","10"
"https://www.costco.co.uk/Grocery-Household/Speciality/Organic/c/cos_6.5.1","Grocery & Household > Speciality > Organic","1","1","costco.co.uk","26"
"https://www.costco.co.uk/Tyres-Automotive/Garage/Car-Ports-and-Garages/c/cos_8.10.3","Tyres & Automotive > Garage > Car Ports and Garages","1","1","costco.co.uk","3"
"https://www.costco.co.uk/Business-Office-Supplies/Safety-Security/Safes-Cash-boxes/c/cos_11.10.1","Business & Office Supplies > Safety & Security > Safes & Cash boxes","1","1","costco.co.uk","5"
"https://www.costco.co.uk/Security-Lighting/c/cos_1.9.5","Security Lighting","1","1","costco.co.uk","8"
"https://www.costco.co.uk/Garden-Sheds-Patio/Barbecues-and-Firepits/Smokers/c/cos_9.4.10","Garden, Sheds, Patio > Barbecues and Firepits > Smokers","1","1","costco.co.uk","2"
"https://www.costco.co.uk/Health-Beauty/Beauty/Cosmetics/c/cos_7.1.2","Health & Beauty > Beauty > Cosmetics","1","1","costco.co.uk","4"
"https://www.costco.co.uk/Sports-Spas-Leisure/Experience-Days-Gift-Cards/Flying-Experiences/c/cos_3.11.6","Sports, Spas, Leisure > Experience Days & Gift Cards > Flying Experiences","1","1","costco.co.uk","4"
"https://www.costco.co.uk/Sports-Spas-Leisure/Fitness-Exercise/Exercise-Bikes/c/cos_5.1.7","Sports, Spas, Leisure > Fitness & Exercise > Exercise Bikes","1","1","costco.co.uk","6"
"https://www.costco.co.uk/Health-Beauty/Gift-Sets/Gifts-For-Her/c/cos_7.4.6","Health & Beauty > Gift Sets > Gifts For Her","1","1","costco.co.uk","19"
"https://www.costco.co.uk/Jewellery-Apparel-Gifts/Clothing-Accessories/Mens-Clothing/c/cos_3.13.1","Jewellery, Apparel, Gifts > Clothing & Accessories > Men's Clothing","1","1","costco.co.uk","10"
"https://www.costco.co.uk/Appliances/Cooling-Air-Treatment-Heating/Air-Treatment/c/cos_2.8.3","Appliances > Cooling, Air Treatment & Heating > Air Treatment","1","1","costco.co.uk","19"
"https://www.costco.co.uk/Garden-Sheds-Patio/Outdoor-Fun/Playcentres-Climbing-Frames/c/cos_9.7.6","Garden, Sheds, Patio > Outdoor Fun > Playcentres &  Climbing Frames","1","1","costco.co.uk","21"
"https://www.costco.co.uk/Garden-Sheds-Patio/Garden-Decor/Outdoor-Lighting/c/cos_9.2.1","Garden, Sheds, Patio > Garden Décor > Outdoor Lighting","1","1","costco.co.uk","14"
"https://www.costco.co.uk/Furniture-Home/Office-Furniture/Chairs/c/cos_2.1.14","Furniture & Home > Office Furniture > Chairs","1","1","costco.co.uk","19"
"https://www.costco.co.uk/Mattresses-Beds/Rolled-Mattresses/c/cos_17.2","Mattresses & Beds > Rolled Mattresses","1","1","costco.co.uk","9"
"https://www.costco.co.uk/Alarms/c/cos_1.9.6","Alarms","1","1","costco.co.uk","2"
"https://www.costco.co.uk/Grocery-Household/Nuts-Snacks-Confectionery/Novelty-Confectionery/c/cos_6.2.8","Grocery & Household > Nuts, Snacks & Confectionery > Novelty Confectionery","1","1","costco.co.uk","19"
"https://www.costco.co.uk/Business-Office-Supplies/Safety-Security/Personal-Protection/c/cos_11.10.4","Business & Office Supplies > Safety & Security > Personal Protection","1","1","costco.co.uk","3"
"https://www.costco.co.uk/Health-Beauty/Bath-Body/Hand-Foot-Care/c/cos_7.5.3","Health & Beauty > Bath & Body > Hand & Foot Care","1","1","costco.co.uk","3"
"https://www.costco.co.uk/Sports-Spas-Leisure/Fitness-Exercise/Strength-Core-Training/c/cos_5.1.2","Sports, Spas, Leisure > Fitness & Exercise > Strength & Core Training","1","1","costco.co.uk","15"
"https://www.costco.co.uk/Business-Office-Supplies/Office-Furniture/Office-Chairs/c/cos_11.3.2","Business & Office Supplies > Office Furniture > Office Chairs","1","1","costco.co.uk","21"
"https://www.costco.co.uk/Electronics-Security/Televisions-Projectors/Televisions/c/cos_1.1.1?sort=relevance&q=%3Aprice-desc&utm_campaign=19P10W4&utm_medium=HP&utm_source=Promo&utm_content=Slider-1&utm_term=toshiba","Electronics & Security > Televisions & Projectors > Televisions","1","1","costco.co.uk","43"
"https://www.costco.co.uk/Grocery-Household/Nuts-Snacks-Confectionery/c/cos_6.2","Grocery & Household > Nuts, Snacks & Confectionery","1","1","costco.co.uk","80"
"https://www.costco.co.uk/White-Wine/c/cos_6.1.3","White Wine","1","1","costco.co.uk","30"
"https://www.costco.co.uk/Electronics-Security/Phones/c/cos_1.7","Electronics & Security > Phones","1","1","costco.co.uk","46"
"https://www.costco.co.uk/Sports-Spas-Leisure/Luggage/c/cos_2.13","Sports, Spas, Leisure > Luggage","1","1","costco.co.uk","41"
"https://www.costco.co.uk/Garden-Sheds-Patio/Garden-Structures/Gazebos-Tents-Conservatories/c/cos_9.3.5?sort=price-asc&q=%3Arelevance&utm_campaign=19P10W4&utm_medium=HP&utm_source=Promo&utm_content=Cat-4&utm_term=gazebos","Garden, Sheds, Patio > Garden Structures > Gazebos Tents  & Conservatories","1","1","costco.co.uk","16"
"https://www.costco.co.uk/Electronics-Security/Phones/SIM-Free-Mobiles/c/cos_1.7.2","Electronics & Security > Phones > SIM Free Mobiles","1","1","costco.co.uk","12"
"https://www.costco.co.uk/Business-Office-Supplies/Paper-Mailing/Labelling/c/cos_11.7.5","Business & Office Supplies > Paper & Mailing > Labelling","1","1","costco.co.uk","6"
"https://www.costco.co.uk/Tyres-Automotive/Automotive/Car-Accessories/c/cos_8.6.5","Tyres & Automotive > Automotive > Car Accessories","1","1","costco.co.uk","14"
"https://www.costco.co.uk/Grocery-Household/Food-Wine-Gifts/Restaurant-Gift-Cards/c/cos_6.7.6","Grocery & Household > Food & Wine Gifts > Restaurant Gift Cards","1","1","costco.co.uk","2"
"https://www.costco.co.uk/Business-Office-Supplies/Office-Supplies/Pencils-Sharpeners/c/cos_11.5.2","Business & Office Supplies > Office Supplies > Pencils & Sharpeners","1","1","costco.co.uk","9"
"https://www.costco.co.uk/Furniture-Home/Living-Room-Furniture/Footstools-Ottomans/c/cos_2.1.19","Furniture & Home > Living Room Furniture > Footstools & Ottomans","1","1","costco.co.uk","1"
"https://www.costco.co.uk/Sports-Spas-Leisure/Outdoor-Sports/Netball/c/cos_5.2.3","Sports, Spas, Leisure > Outdoor Sports > Netball","1","1","costco.co.uk","7"
"https://www.costco.co.uk/Health-Beauty/Aids-for-Independent-Living/c/cos_7.8","Health & Beauty > Aids for Independent Living","1","1","costco.co.uk","9"
"https://www.costco.co.uk/Toys-Baby-Child/Toys/Infant-Pre-School/c/cos_4.1.3","Toys, Baby & Child > Toys > Infant & Pre-School","1","1","costco.co.uk","27"
"https://www.costco.co.uk/Business-Office-Supplies/Office-Supplies/Clipboard-Rulers/c/cos_11.6.9","Business & Office Supplies > Office Supplies > Clipboard & Rulers","1","1","costco.co.uk","6"
"https://www.costco.co.uk/Health-Beauty/Home-Health-Care/Pharmacy/c/cos_7.2.10","Health & Beauty > Home Health Care > Pharmacy","1","1","costco.co.uk","2"
"https://www.costco.co.uk/Jewellery-Apparel-Gifts/Clothing-Accessories/Footwear/c/cos_3.13.4","Jewellery, Apparel, Gifts > Clothing & Accessories > Footwear","1","1","costco.co.uk","11"
"https://www.costco.co.uk/Home-Improvement/Flooring-Tiles/Carpet-Rubber-Tile-Flooring/c/cos_8.13.6","Home Improvement > Flooring & Tiles > Carpet & Rubber Tile Flooring","1","1","costco.co.uk","4"
"https://www.costco.co.uk/Sports-Spas-Leisure/Fitness-Exercise/Elliptical-Cross-Trainer/c/cos_5.1.8","Sports, Spas, Leisure > Fitness & Exercise > Elliptical & Cross Trainer","1","1","costco.co.uk","11"
"https://www.costco.co.uk/Grocery-Household/Nuts-Snacks-Confectionery/Nuts/c/cos_6.2.9","Grocery & Household > Nuts, Snacks & Confectionery > Nuts","1","1","costco.co.uk","12"
"https://www.costco.co.uk/Tyres-Automotive/Automotive/Winches-Joists/c/cos_8.5.15","Tyres & Automotive > Automotive > Winches & Joists","1","1","costco.co.uk","3"
"https://www.costco.co.uk/Garden-Sheds-Patio/Garden-Decor/c/cos_9.2","Garden, Sheds, Patio > Garden Décor","1","1","costco.co.uk","47"
"https://www.costco.co.uk/Electronics-Security/Audio-Video/Speakers/c/cos_1.6.3","Electronics & Security > Audio & Video > Speakers","1","1","costco.co.uk","16"
"https://www.costco.co.uk/Furniture-Home/Home-Furnishings/Bathroom-Furniture/c/cos_2.1.15","Furniture & Home > Home Furnishings > Bathroom Furniture","1","1","costco.co.uk","2"
"https://www.costco.co.uk/Sports-Spas-Leisure/Fireworks/Rockets-Kits-Sparklers/c/cos_5.11.2","Sports, Spas, Leisure > Fireworks > Rockets, Kits & Sparklers","1","1","costco.co.uk","8"
"https://www.costco.co.uk/Home-Improvement/Kitchen/Kitchen-Taps/c/cos_8.12.3","Home Improvement > Kitchen > Kitchen Taps","1","1","costco.co.uk","14"
"https://www.costco.co.uk/Health-Beauty/Gift-Sets/c/cos_7.4","Health & Beauty > Gift Sets","1","1","costco.co.uk","24"
"https://www.costco.co.uk/Business-Office-Supplies/Printers-Machines/Shredders/c/cos_11.2.4","Business & Office Supplies > Printers & Machines > Shredders","1","1","costco.co.uk","8"
"https://www.costco.co.uk/Appliances/Small-Kitchen-Appliances/Kettles-Toasters/c/cos_2.5.4","Appliances > Small Kitchen Appliances > Kettles & Toasters","1","1","costco.co.uk","18"
"https://www.costco.co.uk/Garden-Sheds-Patio/Outdoor-Fun/Playcentres-Climbing-Frames/c/cos_9.7.6?sort=relevance&q=%3Aprice-desc&utm_campaign=19P10W4&utm_medium=HP&utm_source=Promo&utm_content=Cat-1&utm_term=playcentres","Garden, Sheds, Patio > Outdoor Fun > Playcentres &  Climbing Frames","1","1","costco.co.uk","21"
"https://www.costco.co.uk/Business-Office-Supplies/Filing-Solutions/c/cos_11.9","Business & Office Supplies > Filing Solutions","1","1","costco.co.uk","75"
"https://www.costco.co.uk/Business-Office-Supplies/Office-Supplies/Clips-Fasteners-Elastic-Bands/c/cos_11.6.1","Business & Office Supplies > Office Supplies > Clips, Fasteners & Elastic Bands","1","1","costco.co.uk","18"
"https://www.costco.co.uk/Toys-Baby-Child/Toys/Vehicles-Action-Toys/c/cos_4.1.2","Toys, Baby & Child > Toys > Vehicles & Action Toys","1","1","costco.co.uk","24"
"https://www.costco.co.uk/Toys-Baby-Child/Outdoor-Play/Scooters-Rockers/c/cos_4.4.2","Toys, Baby & Child > Outdoor Play > Scooters & Rockers","1","1","costco.co.uk","19"
"https://www.costco.co.uk/Wines-Spirits-Beer/Cider/Cider-Perry/c/cos_6.9.2","Wines, Spirits & Beer > Cider > Cider & Perry","1","1","costco.co.uk","6"
"https://www.costco.co.uk/Home-Improvement/Bathroom/c/cos_8.3","Home Improvement > Bathroom","1","1","costco.co.uk","52"
"https://www.costco.co.uk/Business-Office-Supplies/Filing-Solutions/Comb-Binders/c/cos_11.9.10","Business & Office Supplies > Filing Solutions > Comb Binders","1","1","costco.co.uk","5"
"https://www.costco.co.uk/Jewellery-Apparel-Gifts/Jewellery/Necklaces/c/cos_3.14.3","Jewellery, Apparel, Gifts > Jewellery > Necklaces","1","1","costco.co.uk","88"
"https://www.costco.co.uk/Home-Improvement/Power-Tools/Corded-Tools/c/cos_8.1.11","Home Improvement > Power Tools > Corded Tools","1","1","costco.co.uk","8"
"https://www.costco.co.uk/Health-Beauty/Haircare/Styling-Tools/c/cos_7.6.3","Health & Beauty > Haircare > Styling Tools","1","1","costco.co.uk","16"
"https://www.costco.co.uk/Sports-Spas-Leisure/Fireworks/Single-Ignition/c/cos_5.11.1","Sports, Spas, Leisure > Fireworks > Single Ignition","1","1","costco.co.uk","9"
"https://www.costco.co.uk/Grocery-Household/Chilled-Foods/Delicatessen/c/cos_6.4.3","Grocery & Household > Chilled Foods > Delicatessen","1","1","costco.co.uk","28"
"https://www.costco.co.uk/Garden-Sheds-Patio/Barbecues-and-Firepits/Charcoal-Wood-Barbecues/c/cos_9.4.3","Garden, Sheds, Patio > Barbecues and Firepits > Charcoal & Wood Barbecues","1","1","costco.co.uk","9"
"https://www.costco.co.uk/Appliances/Cooling-Air-Treatment-Heating/c/cos_8.4","Appliances > Cooling, Air Treatment & Heating","1","1","costco.co.uk","84"
"https://www.costco.co.uk/Furniture-Home/Kitchen-Dining/Kitchen-Appliances/c/cos_2.7.9","Furniture & Home > Kitchen & Dining > Kitchen Appliances","1","1","costco.co.uk","40"
"https://www.costco.co.uk/Appliances/Cooking-Appliances/Hob/c/cos_10.11.2","Appliances > Cooking Appliances > Hob","1","1","costco.co.uk","3"
"https://www.costco.co.uk/Home-Improvement/Power-Tools/Cordless-Tools/c/cos_8.1.1","Home Improvement > Power Tools > Cordless Tools","1","1","costco.co.uk","10"
"https://www.costco.co.uk/Garden-Sheds-Patio/Garden-Power-Tools/Blowers-Vacuums/c/cos_9.6.7","Garden, Sheds, Patio > Garden Power Tools > Blowers & Vacuums","1","1","costco.co.uk","7"
"https://www.costco.co.uk/Business-Office-Supplies/Cleaning-Care/First-Aid/c/cos_11.14.7","Business & Office Supplies > Cleaning & Care > First Aid","1","1","costco.co.uk","17"
"https://www.costco.co.uk/Electronics-Security/Audio-Video/DAB-Radio/c/cos_1.6.4","Electronics & Security > Audio & Video > DAB Radio","1","1","costco.co.uk","12"
"https://www.costco.co.uk/Business-Office-Supplies/Office-Supplies/Desktop-Accessories/c/cos_11.6.8","Business & Office Supplies > Office Supplies > Desktop Accessories","1","1","costco.co.uk","6"
"https://www.costco.co.uk/Sports-Spas-Leisure/Bikes-Scooters-Accessories/Womens-Specific-Bikes/c/cos_5.3.11","Sports, Spas, Leisure > Bikes, Scooters & Accessories > Women's Specific Bikes","1","1","costco.co.uk","5"
"https://www.costco.co.uk/Sports-Spas-Leisure/Fitness-Exercise/Free-Weights/c/cos_5.1.1","Sports, Spas, Leisure > Fitness & Exercise > Free Weights","1","1","costco.co.uk","5"
"https://www.costco.co.uk/Health-Beauty/Bath-Body/Massage-Relaxation/c/cos_7.5.6","Health & Beauty > Bath & Body > Massage & Relaxation","1","1","costco.co.uk","5"
"https://www.costco.co.uk/Grocery-Household/Tea-Coffee-Hot-Drinks/Other-Hot-Drinks/c/cos_6.3.15","Grocery & Household > Tea, Coffee & Hot Drinks > Other Hot Drinks","1","1","costco.co.uk","8"
"https://www.costco.co.uk/Jewellery-Apparel-Gifts/Clothing-Accessories/Womens-Clothing/c/cos_3.13.2","Jewellery, Apparel, Gifts > Clothing & Accessories > Women's Clothing","1","1","costco.co.uk","10"
"https://www.costco.co.uk/Home-Improvement/Hardware-DIY/Batteries/c/cos_8.1.14","Home Improvement > Hardware & DIY > Batteries","1","1","costco.co.uk","8"
"https://www.costco.co.uk/Business-Office-Supplies/Cleaning-Care/Cleaning-Supplies/c/cos_11.14.6","Business & Office Supplies > Cleaning & Care > Cleaning Supplies","1","1","costco.co.uk","23"
"https://www.costco.co.uk/Toys-Baby-Child/Memorabilia/Sport/c/cos_5.10.1","Toys, Baby & Child > Memorabilia > Sport","1","1","costco.co.uk","40"
"https://www.costco.co.uk/Mattresses-Beds/Mattresses/c/cos_2.1.13.2","Mattresses & Beds > Mattresses","1","1","costco.co.uk","26"
"https://www.costco.co.uk/Furniture-Home/Living-Room-Furniture/All-Sofas/c/cos_2.1.1","Furniture & Home > Living Room Furniture > All Sofas","1","1","costco.co.uk","35"
"https://www.costco.co.uk/Business-Office-Supplies/Hardware/Open-Sign/c/cos_11.13.4","Business & Office Supplies > Hardware > Open Sign","1","1","costco.co.uk","3"
"https://www.costco.co.uk/Business-Office-Supplies/Office-Supplies/Staplers-Staples/c/cos_11.6.4","Business & Office Supplies > Office Supplies > Staplers & Staples","1","1","costco.co.uk","9"
"https://www.costco.co.uk/Business-Office-Supplies/Paper-Mailing/Copy-Printer-Paper/c/cos_11.7.3","Business & Office Supplies > Paper & Mailing > Copy & Printer Paper","1","1","costco.co.uk","12"
"https://www.costco.co.uk/Garden-Sheds-Patio/Barbecues-and-Firepits/Masonry-Barbecues/c/cos_9.4.4","Garden, Sheds, Patio > Barbecues and Firepits > Masonry Barbecues","1","1","costco.co.uk","3"
"https://www.costco.co.uk/Toys-Baby-Child/Baby-Care/c/cos_4.6","Toys, Baby & Child > Baby Care","1","1","costco.co.uk","46"
"https://www.costco.co.uk/Health-Beauty/Gift-Sets/Fragrance/c/cos_7.4.3","Health & Beauty > Gift Sets > Fragrance","1","1","costco.co.uk","1"
"https://www.costco.co.uk/Garden-Sheds-Patio/Garden-Sheds/c/cos_9.1.2","Garden, Sheds, Patio > Garden Sheds","1","1","costco.co.uk","42"
"https://www.costco.co.uk/Sports-Spas-Leisure/Games-Room/Pool-Tables/c/cos_5.6.5","Sports, Spas, Leisure > Games Room > Pool Tables","1","1","costco.co.uk","10"
"https://www.costco.co.uk/Home-Improvement/Flooring-Tiles/Under-Floor-Heating-Systems/c/cos_8.13.2","Home Improvement > Flooring & Tiles > Under Floor Heating Systems","1","1","costco.co.uk","11"
"https://www.costco.co.uk/Grocery-Household/Cleaning-Laundry-Products/Cleaning-Products/c/cos_6.8.3","Grocery & Household > Cleaning & Laundry Products > Cleaning Products","1","1","costco.co.uk","12"
"https://www.costco.co.uk/Grocery-Household/Food-Cupboard/Oils-Vinegars-Dressings/c/cos_6.3.10","Grocery & Household > Food Cupboard > Oils Vinegars & Dressings","1","1","costco.co.uk","12"
"https://www.costco.co.uk/Sports-Spas-Leisure/Fitness-Exercise/c/cos_5.1","Sports, Spas, Leisure > Fitness & Exercise","1","1","costco.co.uk","86"
"https://www.costco.co.uk/Sports-Spas-Leisure/Games-Room/Table-Tennis/c/cos_5.6.4","Sports, Spas, Leisure > Games Room > Table Tennis","1","1","costco.co.uk","9"
"https://www.costco.co.uk/Electronics-Security/Audio-Video/Headphones/c/cos_1.6.2","Electronics & Security > Audio & Video > Headphones","1","1","costco.co.uk","15"
"https://www.costco.co.uk/Grocery-Household/Nuts-Snacks-Confectionery/Snacking/c/cos_6.2.4","Grocery & Household > Nuts, Snacks & Confectionery > Snacking","1","1","costco.co.uk","55"
"https://www.costco.co.uk/Home-Improvement/Bathroom/Bath-Tubs/c/cos_8.3.7","Home Improvement > Bathroom > Bath Tubs","1","1","costco.co.uk","8"
"https://www.costco.co.uk/Grocery-Household/Speciality/Kosher/c/cos_6.5.2","Grocery & Household > Speciality > Kosher","1","1","costco.co.uk","55"
"https://www.costco.co.uk/Toys-Baby-Child/Baby-Care/Baby-Gifts/c/cos_4.6.5","Toys, Baby & Child > Baby Care > Baby Gifts","1","1","costco.co.uk","6"
"https://www.costco.co.uk/Sports-Spas-Leisure/Games-Room/Air-Hockey/c/cos_5.6.8","Sports, Spas, Leisure > Games Room > Air Hockey","1","1","costco.co.uk","6"
"https://www.costco.co.uk/Furniture-Home/Kitchen-Dining/Cutlery/c/cos_2.7.1","Furniture & Home > Kitchen & Dining > Cutlery","1","1","costco.co.uk","3"
"https://www.costco.co.uk/Business-Office-Supplies/Restaurant-Catering/Catering-Kitchen-Dining/c/cos_11.13.8","Business & Office Supplies > Restaurant & Catering > Catering Kitchen & Dining","1","1","costco.co.uk","1"
"https://www.costco.co.uk/Home-Improvement/Flooring-Tiles/c/cos_8.13","Home Improvement > Flooring & Tiles","1","1","costco.co.uk","35"
"https://www.costco.co.uk/Home-Improvement/Power-Tools/Hand-Tools/c/cos_8.1.3","Home Improvement > Power Tools > Hand Tools","1","1","costco.co.uk","8"
"https://www.costco.co.uk/Home-Improvement/Home-Safety-Security/Door-Entry/c/cos_1.9.7","Home Improvement > Home Safety & Security > Door Entry","1","1","costco.co.uk","4"
"https://www.costco.co.uk/Health-Beauty/Bath-Body/Bathroom-Accessories/c/cos_7.5.5","Health & Beauty > Bath & Body > Bathroom Accessories","1","1","costco.co.uk","8"
"https://www.costco.co.uk/Home-Improvement/Hardware-DIY/Plugs-Sockets/c/cos_8.9.3","Home Improvement > Hardware & DIY > Plugs & Sockets","1","1","costco.co.uk","20"
"https://www.costco.co.uk/Grocery-Household/Entertaining/Cheese-Boards/c/cos_6.6.8","Grocery & Household > Entertaining > Cheese Boards","1","1","costco.co.uk","17"
"https://www.costco.co.uk/Grocery-Household/Speciality/International-Food/c/cos_6.5.4","Grocery & Household > Speciality > International Food","1","1","costco.co.uk","13"
"https://www.costco.co.uk/Grocery-Household/Water-Soft-Drinks/c/cos_6.11.2","Grocery & Household > Water & Soft Drinks","1","1","costco.co.uk","11"
"https://www.costco.co.uk/Health-Beauty/Vitamins-Diet-Nutrition/Sports-Nutrition/c/cos_7.2.5","Health & Beauty > Vitamins, Diet & Nutrition > Sports Nutrition","1","1","costco.co.uk","22"
"https://www.costco.co.uk/Appliances/Vacuums-Floorcare/c/cos_10.8","Appliances > Vacuums & Floorcare","1","1","costco.co.uk","61"
"https://www.costco.co.uk/Home-Improvement/Storage-Organisation/Shelving/c/cos_8.8.5","Home Improvement > Storage & Organisation > Shelving","1","1","costco.co.uk","5"
"https://www.costco.co.uk/Red-Wine/c/cos_6.1.2","Red Wine","1","1","costco.co.uk","95"
"https://www.costco.co.uk/Sports-Spas-Leisure/Bikes-Scooters-Accessories/Electric-Bikes/c/cos_5.3.7","Sports, Spas, Leisure > Bikes, Scooters & Accessories > Electric Bikes","1","1","costco.co.uk","4"
"https://www.costco.co.uk/c/Whats-New?sort=relevance&q=%3Aprice-desc","All What's New","1","1","costco.co.uk","91"
"https://www.costco.co.uk/Garden-Sheds-Patio/Garden-Power-Tools/c/cos_9.6","Garden, Sheds, Patio > Garden Power Tools","1","1","costco.co.uk","29"
"https://www.costco.co.uk/Toys-Baby-Child/Toys/Collectables/c/cos_4.1.8","Toys, Baby & Child > Toys > Collectables","1","1","costco.co.uk","5"
"https://www.costco.co.uk/Tyres-Automotive/Tyres-Accessories/Snow-Chains/c/cos_8.5.6","Tyres & Automotive > Tyres & Accessories > Snow Chains","1","1","costco.co.uk","4"
"https://www.costco.co.uk/Garden-Sheds-Patio/Garden-Structures/Log-Cabins/c/cos_9.3.4","Garden, Sheds, Patio > Garden Structures > Log Cabins","1","1","costco.co.uk","9"
"https://www.costco.co.uk/Toys-Baby-Child/Furniture-Bedding/Furniture-Storage/c/cos_4.5.1","Toys, Baby & Child > Furniture & Bedding > Furniture & Storage","1","1","costco.co.uk","1"
"https://www.costco.co.uk/Business-Office-Supplies/Printers-Machines/c/cos_1.5","Business & Office Supplies > Printers & Machines","1","1","costco.co.uk","35"
"https://www.costco.co.uk/Mattresses-Beds/Bedding/Mattress-Toppers/c/cos_17.6.1","Mattresses & Beds > Bedding > Mattress Toppers","1","1","costco.co.uk","4"
"https://www.costco.co.uk/Toys-Baby-Child/Baby-Care/Baby-Monitors/c/cos_4.6.4","Toys, Baby & Child > Baby Care > Baby Monitors","1","1","costco.co.uk","8"
"https://www.costco.co.uk/Security-Accessories/c/cos_1.9.4","Security Accessories","1","1","costco.co.uk","4"
"https://www.costco.co.uk/Furniture-Home/Living-Room-Furniture/Sofa-Beds/c/cos_2.1.21","Furniture & Home > Living Room Furniture > Sofa Beds","1","1","costco.co.uk","2"
"https://www.costco.co.uk/Sports-Spas-Leisure/Experience-Days-Gift-Cards/Adventure-Days/c/cos_3.11.7","Sports, Spas, Leisure > Experience Days & Gift Cards > Adventure Days","1","1","costco.co.uk","3"
"https://www.costco.co.uk/Appliances/Commercial-Restaurant-Appliances/Commercial-Cooking/c/cos_10.10.3","Appliances > Commercial & Restaurant Appliances > Commercial Cooking","1","1","costco.co.uk","6"
"https://www.costco.co.uk/Sports-Spas-Leisure/Bikes-Scooters-Accessories/Accessories/c/cos_5.3.9","Sports, Spas, Leisure > Bikes, Scooters & Accessories > Accessories","1","1","costco.co.uk","9"
"https://www.costco.co.uk/Electronics-Security/Gaming-PCs-Consoles/c/cos_1.12","Electronics & Security > Gaming PCs & Consoles","1","1","costco.co.uk","51"
"https://www.costco.co.uk/Wines-Spirits-Beer/All-Spirits/Liqueurs/c/cos_6.10.7","Wines, Spirits & Beer > All Spirits > Liqueurs","1","1","costco.co.uk","2"
"https://www.costco.co.uk/Electronics-Security/Smart-Technology/Smart-Lighting/c/cos_1.14.3","Electronics & Security > Smart Technology > Smart Lighting","1","1","costco.co.uk","2"
"https://www.costco.co.uk/Business-Office-Supplies/Restaurant-Catering/Paper-Plastic-Foil/c/cos_11.13.7","Business & Office Supplies > Restaurant & Catering > Paper, Plastic & Foil","1","1","costco.co.uk","16"
"https://www.costco.co.uk/Sports-Spas-Leisure/Boating-Watersports/Boats-Kayaks/c/cos_5.5.1","Sports, Spas, Leisure > Boating & Watersports > Boats & Kayaks","1","1","costco.co.uk","20"
"https://www.costco.co.uk/Jewellery-Apparel-Gifts/Handbags-Wallets/c/cos_3.12","Jewellery, Apparel, Gifts > Handbags & Wallets","1","1","costco.co.uk","30"
"https://www.costco.co.uk/Appliances/Appliances-Warehouse-Displays/c/cos_10.12","Appliances > Appliances Warehouse Displays","1","1","costco.co.uk","20"
"https://www.costco.co.uk/CCTV-Installation/c/cos_1.9.8","CCTV Installation","1","1","costco.co.uk","8"
"https://www.costco.co.uk/Tyres-Automotive/Garage/Installed-Garage-Doors/c/cos_8.10.2?q=%3Aprice-desc%3Abrand%3ABirkdale&text=","Tyres & Automotive > Garage > Installed Garage Doors","1","1","costco.co.uk","6"
"https://www.costco.co.uk/Furniture-Home/Kitchen-Dining/Cooking-Bakeware/c/cos_2.7.4","Furniture & Home > Kitchen & Dining > Cooking & Bakeware","1","1","costco.co.uk","14"
"https://www.costco.co.uk/Health-Beauty/Mens-Grooming/c/cos_7.7","Health & Beauty > Men's Grooming","1","1","costco.co.uk","25"
"https://www.costco.co.uk/Home-Improvement/Kitchen/Water-Softener-Filtration/c/cos_8.12.2","Home Improvement > Kitchen > Water Softener & Filtration","1","1","costco.co.uk","7"
"https://www.costco.co.uk/Electronics-Security/Televisions-Projectors/Monitors-Projectors/c/cos_1.1.2","Electronics & Security > Televisions & Projectors > Monitors & Projectors","1","1","costco.co.uk","8"
"https://www.costco.co.uk/Home-Improvement/Storage-Organisation/Tool-Storage-Chests/c/cos_8.5.8","Home Improvement > Storage & Organisation > Tool Storage & Chests","1","1","costco.co.uk","11"
"https://www.costco.co.uk/Grocery-Household/Entertaining/Wedding-Party-Favours/c/cos_6.6.3","Grocery & Household > Entertaining > Wedding & Party Favours","1","1","costco.co.uk","26"
"https://www.costco.co.uk/Toys-Baby-Child/Furniture-Bedding/c/cos_4.5","Toys, Baby & Child > Furniture & Bedding","1","1","costco.co.uk","2"
"https://www.costco.co.uk/Grocery-Household/Entertaining/Cold-Meats/c/cos_6.6.6","Grocery & Household > Entertaining > Cold Meats","1","1","costco.co.uk","5"
"https://www.costco.co.uk/Toys-Baby-Child/Electronic-Games/Electronics-Tech-Toys/c/cos_4.2.1","Toys, Baby & Child > Electronic Games > Electronics & Tech Toys","1","1","costco.co.uk","14"
"https://www.costco.co.uk/Business-Office-Supplies/Filing-Solutions/Boxes/c/cos_11.9.9","Business & Office Supplies > Filing Solutions > Boxes","1","1","costco.co.uk","30"
"https://www.costco.co.uk/Appliances/Commercial-Restaurant-Appliances/Coffee-Machines/c/cos_10.10.6","Appliances > Commercial & Restaurant Appliances > Coffee Machines","1","1","costco.co.uk","27"
"https://www.costco.co.uk/Health-Beauty/Haircare/c/cos_7.6","Health & Beauty > Haircare","1","1","costco.co.uk","18"
"https://www.costco.co.uk/Appliances/Cooking-Appliances/c/cos_10.11","Appliances > Cooking Appliances","1","1","costco.co.uk","13"
"https://www.costco.co.uk/Garden-Sheds-Patio/Garden-Sheds/Garden-Storage/c/cos_9.3.6","Garden, Sheds, Patio > Garden Sheds > Garden Storage","1","1","costco.co.uk","10"
"https://www.costco.co.uk/Garden-Sheds-Patio/Spas-Saunas/Spas-Hot-Tubs/c/cos_9.9.1?utm_campaign=19P10W4&utm_medium=HP&utm_source=Promo&utm_content=Cat-2&utm_term=spas","Garden, Sheds, Patio > Spas & Saunas > Spas & Hot Tubs","1","1","costco.co.uk","14"
"https://www.costco.co.uk/Business-Office-Supplies/Office-Supplies/Pens/c/cos_11.5.1","Business & Office Supplies > Office Supplies > Pens","1","1","costco.co.uk","13"
"https://www.costco.co.uk/Grocery-Household/Nuts-Snacks-Confectionery/Boxed-Chocolate/c/cos_6.2.5","Grocery & Household > Nuts, Snacks & Confectionery > Boxed Chocolate","1","1","costco.co.uk","11"
"https://www.costco.co.uk/Business-Office-Supplies/Office-Furniture/Cupboards/c/cos_11.9.7","Business & Office Supplies > Office Furniture > Cupboards","1","1","costco.co.uk","1"
"https://www.costco.co.uk/Health-Beauty/Mens-Grooming/Shaving-Grooming-Tools/c/cos_7.7.3?sort=relevance&q=%3Aprice-desc&utm_campaign=19P10W4&utm_medium=HP&utm_source=Promo&utm_content=Slider-4&utm_term=shavers","Health & Beauty > Men's Grooming > Shaving & Grooming Tools","1","1","costco.co.uk","24"
"https://www.costco.co.uk/Toys-Baby-Child/Toys/Electric-Ride-Ons/c/cos_5.3.3","Toys, Baby & Child > Toys > Electric Ride Ons","1","1","costco.co.uk","24"
"https://www.costco.co.uk/Garden-Sheds-Patio/Outdoor-Fun/Pools-Inflatables/c/cos_9.7.5?sort=relevance&q=%3Aprice-desc&utm_campaign=19P10W4&utm_medium=HP&utm_source=Promo&utm_content=Cat-3&utm_term=pools","Garden, Sheds, Patio > Outdoor Fun > Pools & Inflatables","1","1","costco.co.uk","21"
"https://www.costco.co.uk/Furniture-Home/Books/Coffee-Table-Books/c/cos_10.4.9","Furniture & Home > Books > Coffee Table Books","1","1","costco.co.uk","3"
"https://www.costco.co.uk/Electronics-Security/Televisions-Projectors/Televisions/c/cos_1.1.1","Electronics & Security > Televisions & Projectors > Televisions","1","1","costco.co.uk","43"
"https://www.costco.co.uk/Furniture-Home/Kitchen-Dining/Serveware/c/cos_2.7.7","Furniture & Home > Kitchen & Dining > Serveware","1","1","costco.co.uk","8"
"https://www.costco.co.uk/Electronics-Security/Phones/Home-Phones/c/cos_1.7.1","Electronics & Security > Phones > Home Phones","1","1","costco.co.uk","1"
"https://www.costco.co.uk/Electronics-Security/Televisions-Projectors/TV-Brackets-Accessories/c/cos_1.11","Electronics & Security > Televisions & Projectors > TV Brackets & Accessories","1","1","costco.co.uk","40"
"https://www.costco.co.uk/Furniture-Home/Kitchen-Dining/Dinnerware/c/cos_2.7.2","Furniture & Home > Kitchen & Dining > Dinnerware","1","1","costco.co.uk","4"
"https://www.costco.co.uk/Garden-Sheds-Patio/Garden-Decor/Planters-Garden-Beds/c/cos_9.5.5","Garden, Sheds, Patio > Garden Décor > Planters & Garden Beds","1","1","costco.co.uk","6"
"https://www.costco.co.uk/Electronics-Security/Gaming-PCs-Consoles/Gaming-Desktops/c/cos_1.2.8","Electronics & Security > Gaming PCs & Consoles > Gaming Desktops","1","1","costco.co.uk","2"
"https://www.costco.co.uk/Tyres-Automotive/Automotive/c/cos_8.5","Tyres & Automotive > Automotive","1","1","costco.co.uk","49"
"https://www.costco.co.uk/Sports-Spas-Leisure/Fitness-Exercise/Rowers/c/cos_5.1.9","Sports, Spas, Leisure > Fitness & Exercise > Rowers","1","1","costco.co.uk","7"
"https://www.costco.co.uk/Tyres-Automotive/Car-Maintenance/c/cos_8.6","Tyres & Automotive > Car Maintenance","1","1","costco.co.uk","12"
