"categoryname","domain","item","nexturl","page","pageType","url"
"Mobile Phone Cases","www.alza.co.uk",24,,3266,"search","https://www.alza.co.uk/mobile-phone-cases/18848328.htm"
"Hardware","www.alza.co.uk",24,,3070,"search","https://www.alza.co.uk/hardware/18852654.htm"
"Laptop Accessories","www.alza.co.uk",24,,2743,"search","https://www.alza.co.uk/laptop-accessories/18843112.htm"
"Laptop Accessories","www.alza.co.uk",24,,2743,"search","https://www.alza.co.uk/prislusenstvi-k-notebookum/18843112.htm"
"Cables & Connectors","www.alza.co.uk",24,,1992,"search","https://www.alza.co.uk/cables-connectors/18842906.htm"
"Games","www.alza.co.uk",24,,1555,"search","https://www.alza.co.uk/games/18855143.htm"
"Television Accessories","www.alza.co.uk",24,,1324,"search","https://www.alza.co.uk/television-accessories/18849625.htm"
"Digital Camera Accessories","www.alza.co.uk",24,,1253,"search","https://www.alza.co.uk/digital-photo/accessories/18843302.htm"
"iPhone Accessories","www.alza.co.uk",24,,1176,"search","https://www.alza.co.uk/iphone-accessories/18851639.htm"
"Tempered Glass for Mobile Phones","www.alza.co.uk",24,,1128,"search","https://www.alza.co.uk/tempered-glass-for-mobile-phones/18855215.htm"
"Xbox ONE","www.alza.co.uk",24,,966,"search","https://www.alza.co.uk/xbox-one/18854533.htm"
"Hard Drives","www.alza.co.uk",24,,854,"search","https://www.alza.co.uk/harddrives/18842851.htm"
"iPhone Cases","www.alza.co.uk",24,,814,"search","https://www.alza.co.uk/cases-for-iphone/18851729.htm"
"Xbox ONE Games","www.alza.co.uk",24,,749,"search","https://www.alza.co.uk/18855145.htm"
"Xbox ONE Games","www.alza.co.uk",24,,749,"search","https://www.alza.co.uk/xbox-one-games/18854535.htm"
"Gaming Accessories","www.alza.co.uk",24,,704,"search","https://www.alza.co.uk/gaming-accessories/18853697.htm"
"Data Cables","www.alza.co.uk",24,,662,"search","https://www.alza.co.uk/data-cables/18861933.htm"
"Xbox Live GOLD","www.alza.co.uk",24,,643,"search","https://www.alza.co.uk/xbox-live/18850330.htm"
"Mobile Phones","www.alza.co.uk",24,,601,"search","https://www.alza.co.uk/mobile-phones/caterpillar/18843445-v3804.htm"
"Computer Monitors","www.alza.co.uk",24,,576,"search","https://www.alza.co.uk/lcd-monitory/18842948.htm"
"Computer Monitors","www.alza.co.uk",24,,576,"search","https://www.alza.co.uk/lcd-monitors/18842948.htm"
"Headphones with Microphone","www.alza.co.uk",24,,553,"search","https://www.alza.co.uk/headphones-with-microphone/18859709.htm"
"Canon","www.alza.co.uk",24,,551,"search","https://www.alza.co.uk/canon/v1295.htm"
"Speakers","www.alza.co.uk",24,,548,"search","https://www.alza.co.uk/speakers/18843496.htm"
"Bags, Backpacks & Cases","www.alza.co.uk",24,,545,"search","https://www.alza.co.uk/brasny-batohy-a-pouzdra/18857401.htm"
"External drives","www.alza.co.uk",24,,538,"search","https://www.alza.co.uk/external-harddrives/18843102.htm"
"SONY","www.alza.co.uk",24,,517,"search","https://www.alza.co.uk/sony/v1310.htm"
"Cases and Power Supplies","www.alza.co.uk",24,,514,"search","https://www.alza.co.uk/cases-power-supplies/18850751.htm"
"RAM Memory","www.alza.co.uk",24,,504,"search","https://www.alza.co.uk/memory/18842853.htm"
"Over-ear Headphones","www.alza.co.uk",24,,491,"search","https://www.alza.co.uk/over-ear-headphones/18859902.htm"
"USB-C Accessories","www.alza.co.uk",24,,483,"search","https://www.alza.co.uk/usb-c-doplnky/18861731.htm"
"Apple","www.alza.co.uk",24,,465,"search","https://www.alza.co.uk/apple/v1627.htm"
"Gaming Collectibles","www.alza.co.uk",24,,456,"search","https://www.alza.co.uk/gaming-collectibles/18862622.htm"
"SIM-Free Phablets","www.alza.co.uk",24,,455,"search","https://www.alza.co.uk/phablets/18855368.htm"
"Android SIM-Free Smartphones","www.alza.co.uk",24,,454,"search","https://www.alza.co.uk/mobile-phones-android/18851259.htm"
"Notebooks By Operating system","www.alza.co.uk",24,,452,"search","https://www.alza.co.uk/notebooks-by-operating-system/18865412.htm"
"Dual-SIM Mobile Phones (SIM-Free)","www.alza.co.uk",24,,424,"search","https://www.alza.co.uk/dual-sim/18850171.htm"
"PC Gaming","www.alza.co.uk",24,,399,"search","https://www.alza.co.uk/pc-gaming/18857155.htm"
"Game series","www.alza.co.uk",24,,381,"search","https://www.alza.co.uk/game-series/18863880.htm"
"Phones with Fingerprint Scanner","www.alza.co.uk",24,,375,"search","https://www.alza.co.uk/phones-with-fingerprint-scanner/18865090.htm"
"Wireless Speakers","www.alza.co.uk",24,,367,"search","https://www.alza.co.uk/wireless-speakers/18856083.htm"
"PC Memory","www.alza.co.uk",24,,360,"search","https://www.alza.co.uk/computer-memory/18852020.htm"
"Screen Protectors for Mobile Phones","www.alza.co.uk",24,,359,"search","https://www.alza.co.uk/screen-protectors/protective-film/18852107.htm"
"Computer Headphones","www.alza.co.uk",24,,357,"search","https://www.alza.co.uk/computer-headphones/18859895.htm"
"Adapters","www.alza.co.uk",24,,351,"search","https://www.alza.co.uk/adapters/18861386.htm"
"Wireless Headphones","www.alza.co.uk",24,,333,"search","http://www.alza.co.uk/wireless-headphones/18859897.htm"
"Wireless Headphones","www.alza.co.uk",24,,333,"search","https://www.alza.co.uk/wireless-headphones/18859897.htm"
"Players","www.alza.co.uk",24,,330,"search","https://www.alza.co.uk/players/18859887.htm"
"Infinity Display Phones","www.alza.co.uk",24,,322,"search","https://www.alza.co.uk/infinity-display-phones/18864024.htm"
"Notebook Batteries","www.alza.co.uk",24,,321,"search","https://www.alza.co.uk/baterie-pro-notebooky/18844765.htm"
"Mobile Phone & Tablet Chargers","www.alza.co.uk",24,,318,"search","https://www.alza.co.uk/batteries-recharging/chargers/for-cellular-phones/18849919.htm"
"Panasonic","www.alza.co.uk",24,,311,"search","https://www.alza.co.uk/panasonic/v1356.htm"
"Software","www.alza.co.uk",24,,309,"search","https://www.alza.co.uk/software/18860415.htm"
"Internal Hard Drives","www.alza.co.uk",24,,307,"search","https://www.alza.co.uk/internal-hard-drives/18851840.htm"
"Phone Cables","www.alza.co.uk",24,,303,"search","https://www.alza.co.uk/phone-cables/18862088.htm"
"PC Cases","www.alza.co.uk",24,,293,"search","https://www.alza.co.uk/pc-cases/18849057.htm"
"Keyboards","www.alza.co.uk",24,,290,"search","https://www.alza.co.uk/klavesnice/18842899.htm"
"Playstation 4","www.alza.co.uk",24,,287,"search","https://www.alza.co.uk/playstation-4/18854416.htm"
"NAS Smart Data Storage","www.alza.co.uk",24,,284,"search","https://www.alza.co.uk/nas-smart-data-storage/18849630.htm"
"In-ear Headphones","www.alza.co.uk",24,,280,"search","https://www.alza.co.uk/in-ear-headphones/18859903.htm"
"Playstation4 Games","www.alza.co.uk",24,,275,"search","https://www.alza.co.uk/18855147.htm"
"Playstation 4 Games","www.alza.co.uk",24,,275,"search","https://www.alza.co.uk/playstation-4-games/18854417.htm"
"Laptops for Graphic Design","www.alza.co.uk",24,,274,"search","https://www.alza.co.uk/laptops-for-graphic-design/18865612.htm"
"Smartwatches & Wearable Electronics","www.alza.co.uk",24,,270,"search","https://www.alza.co.uk/smartwatches-wearable-electronics/18855068.htm"
"Digital Cameras","www.alza.co.uk",24,,259,"search","https://www.alza.co.uk/digital-cameras/18843129.htm"
"Professional Laptops","www.alza.co.uk",24,,243,"search","https://www.alza.co.uk/professional-laptops/18853299.htm"
"Smartwatches","www.alza.co.uk",24,,240,"search","https://www.alza.co.uk/smart-watches/18854785.htm"
"15"" Laptops","www.alza.co.uk",24,,239,"search","https://www.alza.co.uk/15-laptops/18865419.htm"
"Cameras for beginners","www.alza.co.uk",24,,237,"search","https://www.alza.co.uk/cameras-for-beginners/18864094.htm"
"Fitness Trackers","www.alza.co.uk",24,,232,"search","https://www.alza.co.uk/fitness-trackers/18864574.htm"
"Headphone Accessories","www.alza.co.uk",24,,231,"search","https://www.alza.co.uk/headphone-accessories/18859906.htm"
"SSD Drives","www.alza.co.uk",24,,227,"search","https://www.alza.co.uk/ssd-drives/18845887.htm"
"Lenovo Laptops","www.alza.co.uk",24,,226,"search","https://www.alza.co.uk/lenovo-laptops/18865374.htm"
"PC Power Supplies","www.alza.co.uk",24,,221,"search","https://www.alza.co.uk/pc-power-supplies/18849164.htm"
"Basic Home and Office Laptops Lenovo","www.alza.co.uk",24,,220,"search","https://www.alza.co.uk/home-office-laptops/lenovo/18843464-v1776.htm"
"Laptops with Windows 10 Pro","www.alza.co.uk",24,,217,"search","https://www.alza.co.uk/laptops-with-windows-10-pro/18865728.htm"
"Professional Laptops Lenovo","www.alza.co.uk",24,,217,"search","https://www.alza.co.uk/professional-laptops/lenovo/18853299-v1776.htm"
"Laptops with Windows","www.alza.co.uk",24,,208,"search","https://www.alza.co.uk/laptops-with-windows/18865546.htm"
"Work Laptops by Series","www.alza.co.uk",24,,206,"search","https://www.alza.co.uk/work-laptops-by-series/18866156.htm"
"Television Mounts & Stands","www.alza.co.uk",24,,206,"search","https://www.alza.co.uk/tv/accessories/holders/18849626.htm"
"Server Accessories","www.alza.co.uk",24,,204,"search","https://www.alza.co.uk/server-accessories/18867108.htm"
"Notebook Adapters","www.alza.co.uk",24,,191,"search","https://www.alza.co.uk/zdroje/podle-typu/adaptery-k-notebookum/18849198.htm"
"Tablets","www.alza.co.uk",24,,191,"search","https://www.alza.co.uk/tablets/18852388.htm"
"Gaming Mice","www.alza.co.uk",24,,189,"search","https://www.alza.co.uk/gaming-mice/18857540.htm"
"Work Laptops with an Extended Warranty","www.alza.co.uk",24,,188,"search","https://www.alza.co.uk/work-laptops-with-an-extended-warranty/18867624.htm"
"Controllers","www.alza.co.uk",24,,180,"search","https://www.alza.co.uk/controllers/18849238.htm"
"Speakers for mobile devices","www.alza.co.uk",24,,180,"search","https://www.alza.co.uk/speakers-for-mobile-devices/18853701.htm"
"Speaker Cables","www.alza.co.uk",24,,170,"search","https://www.alza.co.uk/loudspeaker-cables/18849598.htm"
"Projectors","www.alza.co.uk",24,,169,"search","https://www.alza.co.uk/projectors/18843223.htm"
"New Gaming Arrivals","www.alza.co.uk",24,,166,"search","https://www.alza.co.uk/new-gaming-arrivals/18856692.htm"
"Gaming Headsets with Microphones","www.alza.co.uk",24,,162,"search","https://www.alza.co.uk/gaming-headsets/18853693.htm"
"Gaming Headsets","www.alza.co.uk",24,,162,"search","https://www.alza.co.uk/gaming-headsets/18853600.htm"
"Computers and Software","www.alza.co.uk",24,,160,"search","https://www.alza.co.uk/computers-laptops/18852653.htm"
"Computers and Software","www.alza.co.uk",24,,158,"search","https://www.alza.co.uk/18852653-v1310.htm"
"New Arrivals","www.alza.co.uk",24,,157,"search","https://www.alza.co.uk/new-arrivals/18856152.htm"
"Satellite & Digital Technology","www.alza.co.uk",24,,153,"search","https://www.alza.co.uk/satellite-digital-technology/18856832.htm"
"PC Case Cooling Fans","www.alza.co.uk",24,,151,"search","https://www.alza.co.uk/cooling/case-fans/18842848.htm"
"PC Case Cooling Fans","www.alza.co.uk",24,,151,"search","https://www.alza.co.uk/pc-case-fans/18842848.htm"
"Tablets by Series","www.alza.co.uk",24,,150,"search","https://www.alza.co.uk/tablets-by-series/18867430.htm"
"PC Tuning","www.alza.co.uk",24,,147,"search","https://www.alza.co.uk/pc-tuning/18843607.htm"
"Office Laptops with Windows 10 Pro","www.alza.co.uk",24,,146,"search","https://www.alza.co.uk/office-laptops-with-windows-10-pro/18868792.htm"
"Nintendo Switch","www.alza.co.uk",24,,142,"search","https://www.alza.co.uk/nintendo-switch/18860896.htm"
"Nintendo Switch Games","www.alza.co.uk",24,,137,"search","https://www.alza.co.uk/nintendo-switch-games/18860898.htm"
"SmartToys","www.alza.co.uk",24,,136,"search","https://www.alza.co.uk/smarttoys/18855742.htm"
"Game Figurines","www.alza.co.uk",24,,129,"search","https://www.alza.co.uk/game-figurines/18854568.htm"
"Software for Companies","www.alza.co.uk",24,,125,"search","https://www.alza.co.uk/software-for-companies/18865025.htm"
"Televisions","www.alza.co.uk",24,,123,"search","http://www.alza.co.uk/televisions/18849604.htm"
"Televisions","www.alza.co.uk",24,,123,"search","https://www.alza.co.uk/televisions/18849604.htm"
"Televisions by Screen Size","www.alza.co.uk",24,,122,"search","https://www.alza.co.uk/televisions-by-screen-size/18851371.htm"
"Playstation 4 Accessories","www.alza.co.uk",24,,120,"search","https://www.alza.co.uk/playstation-4-accessories/18854418.htm"
"Computers and Software HP","www.alza.co.uk",24,,118,"search","https://www.alza.co.uk/18852653-v1287.htm"
"Sports Headphones","www.alza.co.uk",24,,118,"search","https://www.alza.co.uk/sports-headphones/18859900.htm"
"Android Tablets","www.alza.co.uk",24,,115,"search","https://www.alza.co.uk/android-tablets/18852425.htm"
"Games on sale","www.alza.co.uk",24,,112,"search","https://www.alza.co.uk/discounted-computer-and-console-games/18862287.htm"
"Surround sound speakers","www.alza.co.uk",24,,111,"search","https://www.alza.co.uk/home-theaters/speaker-sets/surround/18851319.htm"
"Antivirus and Security Software","www.alza.co.uk",24,,110,"search","https://www.alza.co.uk/antivirus-and-security-software/18867911.htm"
"CPU Coolers","www.alza.co.uk",24,,106,"search","https://www.alza.co.uk/cpu-coolers/18842846.htm"
"Gaming Tablets","www.alza.co.uk",24,,106,"search","https://www.alza.co.uk/gaming-tablets/18855476.htm"
"Tablets with Keyboard","www.alza.co.uk",24,,104,"search","https://www.alza.co.uk/tablets-with-keyboard/18866618.htm"
"Tablets with SIM Card Slot","www.alza.co.uk",24,,102,"search","https://www.alza.co.uk/tablets-with-sim-card-slot/18866612.htm"
"Software for Schools","www.alza.co.uk",24,,102,"search","https://www.alza.co.uk/software-for-schools/18865026.htm"
"Lenovo ThinkPad Laptops","www.alza.co.uk",24,,101,"search","https://www.alza.co.uk/lenovo-thinkpad/18865479.htm"
"Xbox ONE Accessories","www.alza.co.uk",24,,96,"search","https://www.alza.co.uk/xbox-one-accessories/18854534.htm"
"Gaming Notebooks","www.alza.co.uk",24,,96,"search","https://www.alza.co.uk/gaming-notebooks/18853686.htm"
"Gaming Laptops","www.alza.co.uk",24,,96,"search","https://www.alza.co.uk/gaming-laptops/18848814.htm"
"Computer Speakers","www.alza.co.uk",24,,96,"search","https://www.alza.co.uk/reproduktory/18842883.htm"
"Computer Speakers","www.alza.co.uk",24,,96,"search","https://www.alza.co.uk/speakers/18842883.htm"
"Mirrorless Cameras","www.alza.co.uk",24,,94,"search","https://www.alza.co.uk/mirrorless-cameras/18852432.htm"
"PC Cases","www.alza.co.uk",24,,91,"search","https://www.alza.co.uk/pc-cases/18844715.htm"
"Computers and Software ASUS","www.alza.co.uk",24,,91,"search","https://www.alza.co.uk/18852653-v1284.htm"
"Manager Laptops","www.alza.co.uk",24,,90,"search","https://www.alza.co.uk/manager-laptops/18865732.htm"
"3D Projectors","www.alza.co.uk",24,,90,"search","https://www.alza.co.uk/3d-projectors/18860065.htm"
"Virtual Reality","www.alza.co.uk",24,,89,"search","https://www.alza.co.uk/virtual-reality/18856436.htm"
"SO-DIMM Laptop Memory","www.alza.co.uk",24,,89,"search","https://www.alza.co.uk/memory-for-laptops/18843127.htm"
"Professional Monitors","www.alza.co.uk",24,,89,"search","https://www.alza.co.uk/professional-monitors/18850010.htm"
"High-Tech Gaming Monitors","www.alza.co.uk",24,,86,"search","https://www.alza.co.uk/high-tech-gaming-monitors/18859174.htm"
"Windows Store","www.alza.co.uk",24,,86,"search","https://www.alza.co.uk/microsoft-store/18854881.htm"
"Nintendo Switch Accessories","www.alza.co.uk",24,,81,"search","https://www.alza.co.uk/nintendo-switch-accessories/18860897.htm"
"Micro & Mini Systems","www.alza.co.uk",24,,80,"search","https://www.alza.co.uk/micro-mini-systems/18857220.htm"
"Server Memory","www.alza.co.uk",24,,79,"search","https://www.alza.co.uk/server-memory/18852021.htm"
"Software for Home Use","www.alza.co.uk",24,,79,"search","https://www.alza.co.uk/software-for-home-use/18867411.htm"
"Accessories by activity","www.alza.co.uk",24,,79,"search","https://www.alza.co.uk/accessories-by-activity/18857126.htm"
"13"" Laptops","www.alza.co.uk",24,,78,"search","https://www.alza.co.uk/13-laptops/18865833.htm"
"Hi-Fi Headphones","www.alza.co.uk",24,,78,"search","https://www.alza.co.uk/hifi-headphones/18859899.htm"
"Fitness Bracelets","www.alza.co.uk",24,,76,"search","https://www.alza.co.uk/fitness-bracelets/18864575.htm"
"iPad","www.alza.co.uk",24,,76,"search","https://www.alza.co.uk/apple-ipad/18851916.htm"
"Graphics Software","www.alza.co.uk",24,,76,"search","https://www.alza.co.uk/graphics-software/18860419.htm"
"SmartSport","www.alza.co.uk",24,,74,"search","https://www.alza.co.uk/smartsport/18859394.htm"
"CPU - Processors","www.alza.co.uk",24,,74,"search","https://www.alza.co.uk/processors/18842843.htm"
"Processors Sorted by Number of Cores","www.alza.co.uk",24,,74,"search","https://www.alza.co.uk/processors-sorted-by-number-of-cores/18869787.htm"
"On-ear Headphones","www.alza.co.uk",24,,73,"search","https://www.alza.co.uk/on-ear-headphones/18859904.htm"
"Wifi Cables & Connectors","www.alza.co.uk",24,,73,"search","https://www.alza.co.uk/antenna-cables-and-connectors/18848959.htm"
"PC Power Supplies","www.alza.co.uk",24,,69,"search","https://www.alza.co.uk/pc-power-supplies/18844733.htm"
"Computers and Software Acer","www.alza.co.uk",24,,69,"search","https://www.alza.co.uk/18852653-v1354.htm"
"Curved Monitors","www.alza.co.uk",24,,69,"search","https://www.alza.co.uk/curved-monitors/18855757.htm"
"Laptops with Numeric Keypads","www.alza.co.uk",24,,68,"search","https://www.alza.co.uk/laptops-with-numeric-keypads/18865867.htm"
"Smart Electronics for Health & Lifestyle","www.alza.co.uk",24,,65,"search","https://www.alza.co.uk/smart-electronics-for-health-lifestyle/18855195.htm"
"Turntables","www.alza.co.uk",24,,65,"search","https://www.alza.co.uk/turntables/18851359.htm"
"Home Cinema Projectors","www.alza.co.uk",24,,65,"search","https://www.alza.co.uk/home-cinema-projectors/18860063.htm"
"Samsung Smartphones","www.alza.co.uk",24,,64,"search","https://www.alza.co.uk/samsung-smartphones/18855066.htm"
"Computers","www.alza.co.uk",24,,63,"search","https://www.alza.co.uk/computers/18842956.htm"
"Backup Power Supplies","www.alza.co.uk",24,,62,"search","https://www.alza.co.uk/zalozni-zdroje/18842926.htm"
"Rack and Server Cases","www.alza.co.uk",24,,61,"search","https://www.alza.co.uk/rack-and-server-cases/18849060.htm"
"Tablets for Students","www.alza.co.uk",24,,60,"search","https://www.alza.co.uk/tablets-for-students/18866626.htm"
"Soundbars","www.alza.co.uk",24,,60,"search","https://www.alza.co.uk/soundbars/18859827.htm"
"Drones","www.alza.co.uk",24,,58,"search","https://www.alza.co.uk/drones/18855539.htm"
"Motherboards GIGABYTE","www.alza.co.uk",24,,58,"search","https://www.alza.co.uk/zakladni-desky/gigabyte/18842832-v1378.htm"
"Alza PCs","www.alza.co.uk",24,,58,"search","https://www.alza.co.uk/alza-pcs/18845023.htm"
"Basic SIM-Free Mobile Phones","www.alza.co.uk",24,,56,"search","https://www.alza.co.uk/basic-mobile-phones/18844044.htm"
"Virtual Reality Glasses","www.alza.co.uk",24,,56,"search","https://www.alza.co.uk/virtual-reality-glasses/18859989.htm"
"Dockable Laptops","www.alza.co.uk",24,,55,"search","https://www.alza.co.uk/dockable-laptops/18856972.htm"
"Controllers and Adapters","www.alza.co.uk",24,,54,"search","https://www.alza.co.uk/controllers/18842837.htm"
"Gaming PCs","www.alza.co.uk",24,,54,"search","https://www.alza.co.uk/gaming-pcs/18848818.htm"
"4K Monitors/UHD Monitors","www.alza.co.uk",24,,54,"search","https://www.alza.co.uk/uhd-4k-monitors/18854906.htm"
"Overclocking Processors","www.alza.co.uk",24,,53,"search","https://www.alza.co.uk/overclocking-processors/18860186.htm"
"Computers and Software Lenovo","www.alza.co.uk",24,,53,"search","https://www.alza.co.uk/18852653-v1776.htm"
"3DS Games","www.alza.co.uk",24,,51,"search","https://www.alza.co.uk/18855150.htm"
"LED and LCD televisions with a diagonal of 40""-43"" (100-109 cm)","www.alza.co.uk",24,,51,"search","https://www.alza.co.uk/led-and-lcd-televisions-with-a-diagonal-of-40-43-100-109-cm/18852053.htm"
"Laptop Docking Stations and Port Replicators","www.alza.co.uk",24,,50,"search","https://www.alza.co.uk/notebooky/prislusenstvi/dokovaci-stanice/18848497.htm"
"Video Editing Programs","www.alza.co.uk",24,,50,"search","https://www.alza.co.uk/video-editing-programs/18860420.htm"
"Party Speakers","www.alza.co.uk",24,,48,"search","https://www.alza.co.uk/party-speakers/18861936.htm"
"Game Consoles","www.alza.co.uk",24,,47,"search","https://www.alza.co.uk/game-consoles/18855142.htm"
"Accessories","www.alza.co.uk",24,,47,"search","https://www.alza.co.uk/accessories/18863810.htm"
"Gaming PCs for Demanding Assembly","www.alza.co.uk",24,,47,"search","https://www.alza.co.uk/gaming-pcs-for-demanding-assembly/18857387.htm"
"Mini PCs for TV","www.alza.co.uk",24,,47,"search","https://www.alza.co.uk/mini-pcs-for-tv/18867085.htm"
"Gaming Processors","www.alza.co.uk",24,,46,"search","https://www.alza.co.uk/gaming-processors/18858043.htm"
"Children Drones","www.alza.co.uk",24,,45,"search","https://www.alza.co.uk/drones-for-kids/18857288.htm"
"Robotic animals","www.alza.co.uk",24,,45,"search","https://www.alza.co.uk/robotic-animals/18863003.htm"
"Xbox 360 Games","www.alza.co.uk",24,,44,"search","https://www.alza.co.uk/18855144.htm"
"32"" (81cm) TVs","www.alza.co.uk",24,,44,"search","https://www.alza.co.uk/32-58-cm-tvs/18862375.htm"
"Boomboxes","www.alza.co.uk",24,,43,"search","https://www.alza.co.uk/boomboxes/18851247.htm"
"Office Applications","www.alza.co.uk",24,,42,"search","https://www.alza.co.uk/office-applications/18860418.htm"
"2-in-1 Office Laptops","www.alza.co.uk",24,,41,"search","https://www.alza.co.uk/2-in-1-office-laptops/18865869.htm"
"Computers and Software Samsung","www.alza.co.uk",24,,41,"search","https://www.alza.co.uk/18852653-v1299.htm"
"AMD Processors","www.alza.co.uk",24,,40,"search","https://www.alza.co.uk/amd-processors/18843283.htm"
"Computers and Software Apple","www.alza.co.uk",24,,40,"search","https://www.alza.co.uk/18852653-v1627.htm"
"Computers and Software ALZA","www.alza.co.uk",24,,40,"search","https://www.alza.co.uk/18852653-v1835.htm"
"High End Gaming Laptops","www.alza.co.uk",24,,39,"search","https://www.alza.co.uk/high-end-gaming-laptops/18854658.htm"
"VR Ready Laptops","www.alza.co.uk",24,,39,"search","https://www.alza.co.uk/vr-ready/18859216.htm"
"Keychains","www.alza.co.uk",24,,38,"search","https://www.alza.co.uk/keychains/18867460.htm"
"Water Cooling","www.alza.co.uk",24,,38,"search","https://www.alza.co.uk/water-cooling/18845593.htm"
"Cooling Pads for Laptops","www.alza.co.uk",24,,38,"search","https://www.alza.co.uk/chlazeni-pro-notebooky/18848622.htm"
"Drone Accessories","www.alza.co.uk",24,,37,"search","https://www.alza.co.uk/drone-accessories/18855550.htm"
"Digital Video recording hard drive","www.alza.co.uk",24,,36,"search","https://www.alza.co.uk/digital-video-recording-hard-drive/18849530.htm"
"Playstation VR","www.alza.co.uk",24,,35,"search","https://www.alza.co.uk/playstation-vr/18859593.htm"
"Operating Systems","www.alza.co.uk",24,,35,"search","https://www.alza.co.uk/operating-systems/18860417.htm"
"Drones with Camera","www.alza.co.uk",24,,34,"search","https://www.alza.co.uk/drones-with-camera/18859562.htm"
"Intel Processors","www.alza.co.uk",24,,34,"search","https://www.alza.co.uk/intel-processors/18843284.htm"
"NAS Server Hard Drives","www.alza.co.uk",24,,34,"search","https://www.alza.co.uk/nas-server-hard-drives/18854642.htm"
"Smart Bathroom Scales","www.alza.co.uk",24,,33,"search","https://www.alza.co.uk/bathroom-scales/18856089.htm"
"Webcams","www.alza.co.uk",24,,33,"search","https://www.alza.co.uk/webkamery/18842885.htm"
"Outdoor Video Cameras","www.alza.co.uk",24,,33,"search","https://www.alza.co.uk/outdoor-video-cameras/18854516.htm"
"Virtual Reality Games","www.alza.co.uk",24,,32,"search","https://www.alza.co.uk/virtual-reality-games/18857747.htm"
"Robot toys","www.alza.co.uk",24,,32,"search","https://www.alza.co.uk/robots/18857287.htm"
"Server Hard Drives","www.alza.co.uk",24,,32,"search","https://www.alza.co.uk/server-hard-drives/18849516.htm"
"Alza Gaming PCs","www.alza.co.uk",24,,32,"search","https://www.alza.co.uk/alza-gaming-pcs/18859866.htm"
"SIM-Free Mobile Phones for Seniors","www.alza.co.uk",24,,31,"search","https://www.alza.co.uk/phones-for-seniors/18851246.htm"
"Hoverboards & Gyroboards","www.alza.co.uk",24,,31,"search","https://www.alza.co.uk/hoverboards/18864577.htm"
"VR Ready PCs","www.alza.co.uk",24,,31,"search","https://www.alza.co.uk/vr-ready-pcs/18859217.htm"
"Outdoor Cameras","www.alza.co.uk",24,,31,"search","https://www.alza.co.uk/outdoor-cameras/18864093.htm"
"Alza Gaming PCs","www.alza.co.uk",24,,30,"search","https://www.alza.co.uk/alza-gaming-pcs/48859866.htm"
"Alza Gaming PCs","www.alza.co.uk",24,,30,"search","https://www.alza.co.uk/alza-gaming-pc/48859866.htm"
"Racing Seats","www.alza.co.uk",24,,29,"search","https://www.alza.co.uk/racing-seats/18856127.htm"
"Smart Locators","www.alza.co.uk",24,,29,"search","https://www.alza.co.uk/smart-locators/18859228.htm"
"Processors with Integrated Graphics Cards","www.alza.co.uk",24,,29,"search","https://www.alza.co.uk/processors-with-integrated-graphics-card/18864448.htm"
"Lenovo V Series","www.alza.co.uk",24,,29,"search","https://www.alza.co.uk/lenovo-v-series/18865720.htm"
"Lenovo Yoga Laptops","www.alza.co.uk",24,,29,"search","https://www.alza.co.uk/lenovo-yoga/18865481.htm"
"eBook Readers","www.alza.co.uk",24,,29,"search","https://www.alza.co.uk/ebook-readers/18850860.htm"
"Honor Mobile Phones","www.alza.co.uk",24,,28,"search","https://www.alza.co.uk/honor-mobile-phones/18859419.htm"
"Electric Scooters","www.alza.co.uk",24,,28,"search","https://www.alza.co.uk/electric-scooters/18864579.htm"
"Optical CD & DVD Drives","www.alza.co.uk",24,,27,"search","https://www.alza.co.uk/cd-dvd/18842867.htm"
"< 29"" (74 cm) LED and LCD televisions","www.alza.co.uk",24,,27,"search","https://www.alza.co.uk/tv/led/26-66-cm/18852050.htm"
"DVD & Blu-ray Players","www.alza.co.uk",24,,27,"search","https://www.alza.co.uk/dvd-blu-ray-players/18857218.htm"
"In-Car Speakers","www.alza.co.uk",24,,27,"search","https://www.alza.co.uk/speakers-to-cars/18850238.htm"
"Virtual Reality Glasses for Mobile Phones","www.alza.co.uk",24,,27,"search","https://www.alza.co.uk/virtual-reality-glasses-for-mobile-phones/18859990.htm"
"Business PCs","www.alza.co.uk",24,,26,"search","https://www.alza.co.uk/business-pcs/18867074.htm"
"4K Ultra HD Televisions","www.alza.co.uk",24,,26,"search","https://www.alza.co.uk/4k-ultra-hd-televisions/18854702.htm"
"Camcorders","www.alza.co.uk",24,,26,"search","https://www.alza.co.uk/digital-cameras/camcorders/18846183.htm"
"Nespresso Capsule Espresso Machines","www.alza.co.uk",24,,25,"search","https://www.alza.co.uk/nespresso/18852205.htm"
"Mobile Phones DOOGEE","www.alza.co.uk",24,,25,"search","https://www.alza.co.uk/mobile-phones/doogee/18843445-v6760.htm"
"Lower Mid Priced Gaming Laptops","www.alza.co.uk",24,,25,"search","https://www.alza.co.uk/lower-mid-priced-gaming-laptops/18865599.htm"
"Computers and Software Dell","www.alza.co.uk",24,,25,"search","https://www.alza.co.uk/18852653-v1396.htm"
"Mobile Phones Sony Mobile","www.alza.co.uk",23,,23,"search","https://www.alza.co.uk/mobile-phones/sony-mobile/18843445-v4683.htm"
"Memory for Overclocking","www.alza.co.uk",23,,23,"search","https://www.alza.co.uk/memory-for-overclocking/18861861.htm"
"PC Accessories","www.alza.co.uk",23,,23,"search","https://www.alza.co.uk/computers/accessories/18844495.htm"
"DSLR cameras","www.alza.co.uk",23,,23,"search","https://www.alza.co.uk/digital-photo/dslr/18843300.htm"
"Gaming TVs","www.alza.co.uk",22,,22,"search","https://www.alza.co.uk/gaming-tvs/18861376.htm"
"Multimedia Players","www.alza.co.uk",22,,22,"search","https://www.alza.co.uk/multimedia-players/18845960.htm"
"Gaming Microphones","www.alza.co.uk",21,,21,"search","https://www.alza.co.uk/gaming-microphones/18868103.htm"
"New Processors","www.alza.co.uk",21,,21,"search","https://www.alza.co.uk/new-processors/18869803.htm"
"Sound Cards","www.alza.co.uk",21,,21,"search","https://www.alza.co.uk/sound-cards/18842881.htm"
"Alza GameBox","www.alza.co.uk",20,,20,"search","https://www.alza.co.uk/alza-gamebox/48859869.htm"
"Serial ATA, RAID Controllers","www.alza.co.uk",20,,20,"search","https://www.alza.co.uk/serial-ata-raid-controllers/18848747.htm"
"Playstation 3 Games","www.alza.co.uk",19,,19,"search","https://www.alza.co.uk/18855146.htm"
"Processors for Intel Optane","www.alza.co.uk",19,,19,"search","https://www.alza.co.uk/processors-for-intel-optane/18866395.htm"
"CD Players","www.alza.co.uk",19,,19,"search","https://www.alza.co.uk/cd-players/18854638.htm"
"Mobile Phones ASUS","www.alza.co.uk",18,,18,"search","https://www.alza.co.uk/mobile-phones/asus/18843445-v1284.htm"
"Alza Multimedia Computers","www.alza.co.uk",18,,18,"search","https://www.alza.co.uk/alza-multimedia-computers/18865311.htm"
"Touch All in One PCs","www.alza.co.uk",18,,18,"search","https://www.alza.co.uk/touch-all-in-one-pcs/18867100.htm"
"Hi-fi Cassette Players","www.alza.co.uk",18,,18,"search","https://www.alza.co.uk/cassette-players/18851951.htm"
"iPhone Xr","www.alza.co.uk",17,,17,"search","https://www.alza.co.uk/iphone-xr/18867200.htm"
"Hardware wallets and safes","www.alza.co.uk",17,,17,"search","https://www.alza.co.uk/hardware-wallets-and-safes/18862141.htm"
"Dell Inspiron Gaming Laptops","www.alza.co.uk",17,,17,"search","https://www.alza.co.uk/dell-inspiron-gaming-laptops/18866008.htm"
"Mid Priced Gaming Laptops","www.alza.co.uk",17,,17,"search","https://www.alza.co.uk/mid-priced-gaming-laptops/18865598.htm"
"NUC Format Cases","www.alza.co.uk",17,,17,"search","https://www.alza.co.uk/nuc-format-cabinets/18854590.htm"
"4K UHD Projectors","www.alza.co.uk",17,,17,"search","https://www.alza.co.uk/4k-uhd-projectors/38863054.htm"
"Gaming Glasses","www.alza.co.uk",16,,16,"search","https://www.alza.co.uk/gaming-glasses/18854664.htm"
"Gaming Laptops Lenovo","www.alza.co.uk",16,,16,"search","https://www.alza.co.uk/gaming-laptops/lenovo/18848814-v1776.htm"
"Lenovo Ideapad Laptops","www.alza.co.uk",16,,16,"search","https://www.alza.co.uk/lenovo-ideapad/18865480.htm"
"Mini Projectors","www.alza.co.uk",16,,16,"search","https://www.alza.co.uk/mini-projectors/18860067.htm"
"New 2019 Range","www.alza.co.uk",15,,15,"search","https://www.alza.co.uk/new-range/18859824.htm"
"Retro gaming console","www.alza.co.uk",14,,14,"search","https://www.alza.co.uk/retro-gaming-console/18859916.htm"
"External Sound Cards","www.alza.co.uk",14,,14,"search","https://www.alza.co.uk/external-sound-cards/18848586.htm"
"Laptops with NVIDIA RTX Graphics Card","www.alza.co.uk",14,,14,"search","https://www.alza.co.uk/laptops-with-nvidia-rtx-geforce-graphics-card/18868324.htm"
"Office Computers","www.alza.co.uk",14,,14,"search","https://www.alza.co.uk/computers/office-computers/18848820.htm"
"Monthly Software Sale","www.alza.co.uk",14,,14,"search","https://www.alza.co.uk/monthly-software-sale/18866602.htm"
"Cooling for Overclocking","www.alza.co.uk",13,,13,"search","https://www.alza.co.uk/cooling-for-overclocking/18862294.htm"
"USB Controllers","www.alza.co.uk",13,,13,"search","https://www.alza.co.uk/usb-controllers/18842838.htm"
"TV Headphones","www.alza.co.uk",13,,13,"search","https://www.alza.co.uk/tv-headphones/18859706.htm"
"Toshiba","www.alza.co.uk",12,,12,"search","https://www.alza.co.uk/toshiba/v1311.htm"
"Xbox ONE Gaming Console","www.alza.co.uk",12,,12,"search","https://www.alza.co.uk/xbox-one-gaming-console/18856134.htm"
"Lamps for Gamers","www.alza.co.uk",12,,12,"search","https://www.alza.co.uk/lamps-for-gamers/18867471.htm"
"Beginner Drones","www.alza.co.uk",12,,12,"search","https://www.alza.co.uk/beginner-drones/18868649.htm"
"Laptops 11"" and Smaller","www.alza.co.uk",12,,12,"search","https://www.alza.co.uk/laptops-11-and-smaller/18865416.htm"
"Port Replicators","www.alza.co.uk",12,,12,"search","https://www.alza.co.uk/replikatory-portu/18859387.htm"
"Phones with Waterproof Keypad","www.alza.co.uk",11,,11,"search","https://www.alza.co.uk/phones-with-waterproof-keypad/18865092.htm"
"Smart Blood Pressure Monitor","www.alza.co.uk",11,,11,"search","https://www.alza.co.uk/smart-blood-pressure-monitor/18859397.htm"
"Smart Toothbrushes","www.alza.co.uk",11,,11,"search","https://www.alza.co.uk/smart-toothbrushes/18859380.htm"
"Hoodies","www.alza.co.uk",10,,10,"search","https://www.alza.co.uk/hoodies/18862624.htm"
"Enthusiast computer kits","www.alza.co.uk",10,,10,"search","https://www.alza.co.uk/alza-red-bull-ultimate-gamer/18860110.htm"
"Bags and backpacks","www.alza.co.uk",10,,10,"search","https://www.alza.co.uk/bags-and-backpacks/18862729.htm"
"Dell XPS Laptops","www.alza.co.uk",10,,10,"search","https://www.alza.co.uk/dell-xps/18865477.htm"
"Upper Mid Priced Gaming PCs","www.alza.co.uk",10,,10,"search","https://www.alza.co.uk/upper-mid-priced-gaming-pcs/18867072.htm"
"LG televisions","www.alza.co.uk",10,,10,"search","https://www.alza.co.uk/lg-televisions/18862345.htm"
"GoPro Charging & Batteries","www.alza.co.uk",10,,10,"search","https://www.alza.co.uk/gopro-charging-batteries/18855462.htm"
"Honor 8","www.alza.co.uk",9,,9,"search","https://www.alza.co.uk/honor-8/18859482.htm"
"iPhone Xs Max","www.alza.co.uk",9,,9,"search","https://www.alza.co.uk/iphone-xs-max/18867201.htm"
"Mobile Flip Phones","www.alza.co.uk",9,,9,"search","https://www.alza.co.uk/mobile-flip-phones/18865091.htm"
"Mobile Phones BlackView","www.alza.co.uk",9,,9,"search","https://www.alza.co.uk/mobile-phones/iget/18843445-v12502.htm"
"Gaming Chairs","www.alza.co.uk",9,,9,"search","https://www.alza.co.uk/gaming-chairs/18858714.htm"
"Computers with Intel Optane","www.alza.co.uk",9,,9,"search","https://www.alza.co.uk/computers-with-intel-optane/18865339.htm"
"Gaming Computers with Intel Optane","www.alza.co.uk",9,,9,"search","https://www.alza.co.uk/gaming-computers-with-intel-optane/18865342.htm"
"GoPro Tripods & Telescopes","www.alza.co.uk",9,,9,"search","https://www.alza.co.uk/gopro-tripods-telescopes/18855464.htm"
"iPhone 7","www.alza.co.uk",8,,8,"search","https://www.alza.co.uk/iphone-7/18860114.htm"
"iPhone 6S","www.alza.co.uk",8,,8,"search","https://www.alza.co.uk/iphone-6s/18857389.htm"
"iPhone 7 Plus","www.alza.co.uk",8,,8,"search","https://www.alza.co.uk/iphone-7-plus/18860115.htm"
"iPhone 6S Plus","www.alza.co.uk",8,,8,"search","https://www.alza.co.uk/iphone-6s-plus/18857390.htm"
"Samsung Galaxy S9","www.alza.co.uk",8,,8,"search","https://www.alza.co.uk/galaxy-s9/18864614.htm"
"Smart Coffee Machines","www.alza.co.uk",8,,8,"search","https://www.alza.co.uk/smart-coffee-machines/18867279.htm"
"Unicycles","www.alza.co.uk",8,,8,"search","https://www.alza.co.uk/unicycles/18864578.htm"
"Sound cards for Gaming","www.alza.co.uk",8,,8,"search","https://www.alza.co.uk/sound-cards-for-gaming/18858058.htm"
"Laptops with Intel Optane","www.alza.co.uk",8,,8,"search","https://www.alza.co.uk/laptops-with-intel-optane/18865340.htm"
"Servers","www.alza.co.uk",8,,8,"search","https://www.alza.co.uk/servers/18843903.htm"
"Hi-fi CD players","www.alza.co.uk",8,,8,"search","https://www.alza.co.uk/home-theaters/hi-fi-components/cd-players/18851357.htm"
"Samsung Galaxy J","www.alza.co.uk",7,,7,"search","https://www.alza.co.uk/samsung-galaxy-j/18858689.htm"
"Mobile Phones BLACKBERRY","www.alza.co.uk",7,,7,"search","https://www.alza.co.uk/mobile-phones/blackberry/18843445-v2725.htm"
"Drones with GPS","www.alza.co.uk",7,,7,"search","https://www.alza.co.uk/drones-with-gps/18868645.htm"
"Electroboards","www.alza.co.uk",7,,7,"search","https://www.alza.co.uk/electroboards/18864581.htm"
"Dell Alienware Laptops","www.alza.co.uk",7,,7,"search","https://www.alza.co.uk/dell-alienware/18865478.htm"
"Lenovo Legion Laptops","www.alza.co.uk",7,,7,"search","https://www.alza.co.uk/lenovo-legion/18865483.htm"
"4K Ultra HD Televisions SONY","www.alza.co.uk",7,,7,"search","https://www.alza.co.uk/4k-ultra-hd-televisions/sony/18854702-v1310.htm"
"iPhone 8","www.alza.co.uk",6,,6,"search","https://www.alza.co.uk/iphone-8/18862787.htm"
"iPhone 8 Plus","www.alza.co.uk",6,,6,"search","https://www.alza.co.uk/iphone-8-plus/18862788.htm"
"Honor 7","www.alza.co.uk",6,,6,"search","https://www.alza.co.uk/honor-7/18859481.htm"
"Nintendo 3DS Game Consoles","www.alza.co.uk",6,,6,"search","https://www.alza.co.uk/nintendo-3ds-game-consoles/18852487.htm"
"Smart sleep monitors","www.alza.co.uk",6,,6,"search","https://www.alza.co.uk/sleep-monitors/18859398.htm"
"Internal Sound Cards","www.alza.co.uk",6,,6,"search","https://www.alza.co.uk/internal-sound-cards/18848585.htm"
"Refurbished Laptops (Bazaar) and Special Offers","www.alza.co.uk",6,,6,"search","https://www.alza.co.uk/refurbished-laptops/18866517.htm"
"Raspberry Pi","www.alza.co.uk",6,,6,"search","https://www.alza.co.uk/raspberry-pi/18859158.htm"
"Smart LG TV","www.alza.co.uk",6,,6,"search","https://www.alza.co.uk/smart-lg-tv/18862372.htm"
"Children's Headphones","www.alza.co.uk",6,,6,"search","https://www.alza.co.uk/childrens-headphones/18864542.htm"
"Large Format Displays","www.alza.co.uk",6,,6,"search","https://www.alza.co.uk/large-format-displays/18855395.htm"
"Honor 10","www.alza.co.uk",5,,5,"search","https://www.alza.co.uk/honor-10/18866032.htm"
"Mobile Phones GOOGLE","www.alza.co.uk",5,,5,"search","https://www.alza.co.uk/mobile-phones/google/18843445-v3703.htm"
"Playstation 4 Consoles","www.alza.co.uk",5,,5,"search","https://www.alza.co.uk/playstation-4-consoles/18856943.htm"
"Nintendo Switch Game Console","www.alza.co.uk",5,,5,"search","https://www.alza.co.uk/nintendo-switch-game-console/18861898.htm"
"Professional Drones","www.alza.co.uk",5,,5,"search","https://www.alza.co.uk/professional-drones/18868653.htm"
"DVD Burners","www.alza.co.uk",5,,5,"search","https://www.alza.co.uk/dvd-burners/18842873.htm"
"Tower Servers","www.alza.co.uk",5,,5,"search","https://www.alza.co.uk/tower-servers/18850143.htm"
"Projector Screens","www.alza.co.uk",5,,5,"search","https://www.alza.co.uk/projector-screens/18860069.htm"
"Microphones for Mobile Phones","www.alza.co.uk",5,,5,"search","https://www.alza.co.uk/microphones-for-mobile-phones/18868106.htm"
"iPhone X","www.alza.co.uk",4,,4,"search","https://www.alza.co.uk/iphone-x/18862789.htm"
"eSport Kits","www.alza.co.uk",4,,4,"search","https://www.alza.co.uk/esport-custom-builds/58858288.htm"
"Mini Drones","www.alza.co.uk",4,,4,"search","https://www.alza.co.uk/mini-drones/18868652.htm"
"Pedometers","www.alza.co.uk",4,,4,"search","https://www.alza.co.uk/pedometers/18869318.htm"
"Smart Glucometres","www.alza.co.uk",4,,4,"search","https://www.alza.co.uk/smart-glucometres/18865445.htm"
"Noise Reduction Cabinets","www.alza.co.uk",4,,4,"search","https://www.alza.co.uk/noise-reduction-cabinets/18849171.htm"
"PCs for Video Editing","www.alza.co.uk",4,,4,"search","https://www.alza.co.uk/pcs-for-video-editing/18867076.htm"
"Cheapest All in One PCs","www.alza.co.uk",4,,4,"search","https://www.alza.co.uk/cheapest-all-in-one-pcs/18867258.htm"
"4K LG Televisions","www.alza.co.uk",4,,4,"search","https://www.alza.co.uk/4k-lg-televisions/18862371.htm"
"4K Ultra HD Televisions Panasonic","www.alza.co.uk",4,,4,"search","https://www.alza.co.uk/4k-ultra-hd-televisions/panasonic/18854702-v1356.htm"
"WHIRLPOOL","www.alza.co.uk",3,,3,"search","https://www.alza.co.uk/whirlpool/v2380.htm"
"Streaming Accessories","www.alza.co.uk",3,,3,"search","https://www.alza.co.uk/recording-equipment/18858025.htm"
"NVIDIA Shield","www.alza.co.uk",3,,3,"search","https://www.alza.co.uk/nvidia-shield/18859416.htm"
"Underwater Drones","www.alza.co.uk",3,,3,"search","https://www.alza.co.uk/underwater-drones/18868654.htm"
"FireWire (IEEE 1394) Controllers","www.alza.co.uk",3,,3,"search","https://www.alza.co.uk/firewire-ieee-1394-controllers/18842841.htm"
"eSATA (External Serial ATA) Controllers","www.alza.co.uk",3,,3,"search","https://www.alza.co.uk/esata-external-serial-ata-controllers/18848748.htm"
"Laptops Warehouse Cleanout","www.alza.co.uk",3,,3,"search","https://www.alza.co.uk/warehouse-cleanout/18865152.htm"
"Lower Mid Priced Gaming Laptops","www.alza.co.uk",3,,3,"search","https://www.alza.co.uk/lower-mid-priced-gaming-laptops/18865597.htm"
"Laptops Without an Operating System","www.alza.co.uk",3,,3,"search","https://www.alza.co.uk/laptops-without-an-operating-system/18865547.htm"
"License Rentals","www.alza.co.uk",3,,3,"search","https://www.alza.co.uk/license-rentals/18864762.htm"
"Basic Mobiles with Wifi","www.alza.co.uk",2,,2,"search","https://www.alza.co.uk/basic-mobiles-with-wifi/18865094.htm"
"Mobile Phones Lenovo","www.alza.co.uk",2,,2,"search","https://www.alza.co.uk/mobile-phones/lenovo/18843445-v1776.htm"
"Alza PC - Limited Editions","www.alza.co.uk",2,,2,"search","https://www.alza.co.uk/alza-pc-limited-editions/98865312.htm"
"Smart Bottles and Mugs","www.alza.co.uk",2,,2,"search","https://www.alza.co.uk/smart-bottles-and-mugs/18863751.htm"
"FDD Floppy Drives","www.alza.co.uk",2,,2,"search","https://www.alza.co.uk/fdd-drives/18843385.htm"
"Professional Laptops Acer","www.alza.co.uk",2,,2,"search","https://www.alza.co.uk/pracovni-notebooky/acer/18853299-v1354.htm"
"Professional Laptops ASUS","www.alza.co.uk",2,,2,"search","https://www.alza.co.uk/asus-office-laptops/18853299-v1284.htm"
"RACK - Racks, Servers, Accessories","www.alza.co.uk",2,,2,"search","https://www.alza.co.uk/rack/18867218.htm"
"Chromeboxes","www.alza.co.uk",2,,2,"search","https://www.alza.co.uk/chromeboxes/18855566.htm"
"4K Ultra HD Televisions Philips","www.alza.co.uk",2,,2,"search","https://www.alza.co.uk/4k-ultra-hd-televisions/philips/18854702-v1611.htm"
"Headphones for Hearing Loss","www.alza.co.uk",2,,2,"search","https://www.alza.co.uk/headphones-for-hearing-loss/18865528.htm"
"360° Cameras","www.alza.co.uk",2,,2,"search","https://www.alza.co.uk/360-cameras/18859457.htm"
"Camera Sale","www.alza.co.uk",2,,2,"search","https://www.alza.co.uk/camera-sale/18864972.htm"
"Hi-fi Tuners","www.alza.co.uk",2,,2,"search","https://www.alza.co.uk/home-theaters/hi-fi-components/tuners/18851364.htm"
"Honor 9","www.alza.co.uk",1,,1,"search","https://www.alza.co.uk/honor-9/18862220.htm"
"Nokia 3","www.alza.co.uk",1,,1,"search","https://www.alza.co.uk/nokia-3/18865134.htm"
"Foldable Drones","www.alza.co.uk",1,,1,"search","https://www.alza.co.uk/foldable-drones/18868651.htm"
"Server Processors","www.alza.co.uk",1,,1,"search","https://www.alza.co.uk/server-processors/18861571.htm"
"Lenovo Miix Laptops","www.alza.co.uk",1,,1,"search","https://www.alza.co.uk/lenovo-miix-laptops/18865482.htm"
"Chromebooks","www.alza.co.uk",1,,1,"search","https://www.alza.co.uk/chromebooks/18855515.htm"
"Basic Home and Office Laptops Acer","www.alza.co.uk",1,,1,"search","https://www.alza.co.uk/acer-laptops-for-daily-use/18843464-v1354.htm"
"Asus Laptops","www.alza.co.uk",1,,1,"search","https://www.alza.co.uk/asus-laptops/18865377.htm"
"Basic Home and Office Laptops ASUS","www.alza.co.uk",1,,1,"search","https://www.alza.co.uk/asus-laptops-for-daily-use/18843464-v1284.htm"
"Gaming Laptops ASUS","www.alza.co.uk",1,,1,"search","https://www.alza.co.uk/herni-notebooky/asus/18848814-v1284.htm"
"Asus ZenBook Laptops","www.alza.co.uk",1,,1,"search","https://www.alza.co.uk/zenbook-laptops/18865496.htm"
"Lower Mid Priced Gaming PCs","www.alza.co.uk",1,,1,"search","https://www.alza.co.uk/lower-mid-priced-gaming-pcs/18867070.htm"
"Multimedia PCs","www.alza.co.uk",1,,1,"search","https://www.alza.co.uk/multimedia-pcs/18867082.htm"
"GoPro","www.alza.co.uk",1,,1,"search","https://www.alza.co.uk/gopro/18855460.htm"
"Spy cameras, camera in a pen","www.alza.co.uk",1,,1,"search","https://www.alza.co.uk/spy-cameras-camera-in-a-pen/18862115.htm"
"Hi-Fi Stereos","www.alza.co.uk",1,,1,"search","https://www.alza.co.uk/hi-fi-stereos/18865114.htm"
